time,hex,callsign,latitude,longitude,no_position,altitude,squawk,speed,track
2021-01-09 07:19:00Z.126,0x8a030b,SJY182,0,0,P,0,3327,8,278
2021-01-09 07:19:00Z.522,0x8a030b,SJY182,-6.12204,106.64761,P,0,3327,8,284
2021-01-09 07:19:02Z.630,0x8a030b,SJY182,0,0,P,0,3327,7,292
2021-01-09 07:19:05Z.130,0x8a030b,SJY182,0,0,P,0,3327,7,306
2021-01-09 07:19:06Z.752,0x8a030b,SJY182,-6.12192,106.64745,P,0,3327,7,317
2021-01-09 07:19:08Z.152,0x8a030b,SJY182,-6.12188,106.64742,P,0,3327,8,320
2021-01-09 07:19:11Z.124,0x8a030b,SJY182,0,0,P,0,3327,8,334
2021-01-09 07:19:14Z.174,0x8a030b,SJY182,0,0,P,0,3327,9,337
2021-01-09 07:19:18Z.178,0x8a030b,SJY182,0,0,P,0,3327,10,337
2021-01-09 07:19:20Z.032,0x8a030b,SJY182,-6.12144,106.64723,P,0,3327,10,340
2021-01-09 07:19:20Z.472,0x8a030b,SJY182,-6.1214,106.64722,P,0,3327,11,340
2021-01-09 07:19:23Z.132,0x8a030b,SJY182,0,0,P,0,3327,11,340
2021-01-09 07:19:25Z.228,0x8a030b,SJY182,-6.12118,106.64714,P,0,3327,11,337
2021-01-09 07:19:26Z.270,0x8a030b,SJY182,-6.12112,106.64713,P,0,3327,12,337
2021-01-09 07:19:30Z.036,0x8a030b,SJY182,-6.121,106.64707,P,0,3327,12,337
2021-01-09 07:19:31Z.212,0x8a030b,SJY182,-6.12089,106.64702,P,0,3327,12,337
2021-01-09 07:19:31Z.826,0x8a030b,SJY182,0,0,P,0,3327,12,337
2021-01-09 07:19:33Z.160,0x8a030b,SJY182,-6.12079,106.64699,P,0,3327,12,337
2021-01-09 07:19:34Z.822,0x8a030b,SJY182,-6.12074,106.64697,P,0,3327,12,337
2021-01-09 07:19:36Z.126,0x8a030b,SJY182,0,0,P,0,3327,12,337
2021-01-09 07:19:38Z.108,0x8a030b,SJY182,0,0,P,0,3327,11,337
2021-01-09 07:19:42Z.152,0x8a030b,SJY182,0,0,P,0,3327,11,337
2021-01-09 07:19:44Z.314,0x8a030b,SJY182,-6.12026,106.64678,P,0,3327,11,343
2021-01-09 07:19:48Z.272,0x8a030b,SJY182,0,0,P,0,3327,10,348
2021-01-09 07:19:50Z.184,0x8a030b,SJY182,0,0,P,0,3327,9,2
2021-01-09 07:19:54Z.302,0x8a030b,SJY182,0,0,P,0,3327,10,19
2021-01-09 07:19:56Z.282,0x8a030b,SJY182,0,0,P,0,3327,10,39
2021-01-09 07:19:59Z.824,0x8a030b,SJY182,0,0,P,0,3327,11,56
2021-01-09 07:20:00Z.062,0x8a030b,SJY182,-6.11968,106.64703,P,0,3327,11,59
2021-01-09 07:20:02Z.278,0x8a030b,SJY182,0,0,P,0,3327,11,59
2021-01-09 07:20:03Z.884,0x8a030b,SJY182,-6.11962,106.6472,P,0,3327,12,70
2021-01-09 07:20:06Z.312,0x8a030b,SJY182,0,0,P,0,3327,12,70
2021-01-09 07:20:06Z.856,0x8a030b,SJY182,-6.11956,106.64734,P,0,3327,13,67
2021-01-09 07:20:08Z.268,0x8a030b,SJY182,0,0,P,0,3327,13,67
2021-01-09 07:20:10Z.240,0x8a030b,SJY182,-6.11949,106.64751,P,0,3327,13,67
2021-01-09 07:20:10Z.328,0x8a030b,SJY182,-6.11947,106.64757,P,0,3327,13,67
2021-01-09 07:20:14Z.086,0x8a030b,SJY182,-6.1194,106.64776,P,0,3327,14,67
2021-01-09 07:20:14Z.614,0x8a030b,SJY182,-6.11937,106.64781,P,0,3327,14,67
2021-01-09 07:20:16Z.598,0x8a030b,SJY182,-6.11935,106.64789,P,0,3327,15,67
2021-01-09 07:20:17Z.768,0x8a030b,SJY182,0,0,P,0,3327,15,67
2021-01-09 07:20:20Z.248,0x8a030b,,-6.11925,106.64812,P,0,3327,16,70
2021-01-09 07:20:20Z.358,0x8a030b,,0,0,P,0,3327,16,70
2021-01-09 07:20:20Z.490,0x8a030b,SJY182,-6.11922,106.64819,P,0,3327,16,67
2021-01-09 07:20:20Z.502,0x8a030b,SJY182,-6.11925,106.64812,P,0,3327,16,70
2021-01-09 07:20:21Z.780,0x8a030b,,0,0,P,0,3327,16,70
2021-01-09 07:20:21Z.934,0x8a030b,SJY182,-6.1192,106.64825,P,0,3327,16,70
2021-01-09 07:20:22Z.386,0x8a030b,SJY182,-6.11918,106.64832,P,0,3327,16,70
2021-01-09 07:20:23Z.474,0x8a030b,SJY182,0,0,P,0,3327,16,70
2021-01-09 07:20:24Z.522,0x8a030b,SJY182,-6.11912,106.64847,P,0,3327,16,70
2021-01-09 07:20:25Z.934,0x8a030b,SJY182,-6.11909,106.64854,P,0,3327,17,70
2021-01-09 07:20:26Z.988,0x8a030b,SJY182,-6.11906,106.64861,P,0,3327,17,70
2021-01-09 07:20:28Z.018,0x8a030b,SJY182,-6.11904,106.64868,P,0,3327,17,67
2021-01-09 07:20:28Z.572,0x8a030b,SJY182,-6.119,106.64877,P,0,3327,17,67
2021-01-09 07:20:30Z.178,0x8a030b,SJY182,-6.11898,106.64884,P,0,3327,17,67
2021-01-09 07:20:30Z.622,0x8a030b,SJY182,-6.11894,106.64892,P,0,3327,18,67
2021-01-09 07:20:32Z.186,0x8a030b,SJY182,-6.11891,106.64899,P,0,3327,18,67
2021-01-09 07:20:33Z.234,0x8a030b,SJY182,-6.11888,106.64907,P,0,3327,18,67
2021-01-09 07:20:34Z.274,0x8a030b,SJY182,-6.11884,106.64919,P,0,3327,18,67
2021-01-09 07:20:34Z.286,0x8a030b,SJY182,-6.11885,106.64915,P,0,3327,18,67
2021-01-09 07:20:36Z.660,0x8a030b,SJY182,-6.11879,106.64929,P,0,3327,18,67
2021-01-09 07:20:36Z.774,0x8a030b,SJY182,-6.11876,106.64939,P,0,3327,19,67
2021-01-09 07:20:38Z.382,0x8a030b,SJY182,-6.1187,106.64952,P,0,3327,19,67
2021-01-09 07:20:40Z.034,0x8a030b,SJY182,-6.11866,106.64962,P,0,3327,19,67
2021-01-09 07:20:40Z.472,0x8a030b,SJY182,-6.11863,106.64969,P,0,3327,19,67
2021-01-09 07:20:42Z.044,0x8a030b,SJY182,-6.1186,106.64977,P,0,3327,19,67
2021-01-09 07:20:42Z.422,0x8a030b,SJY182,-6.11856,106.64985,P,0,3327,20,67
2021-01-09 07:20:44Z.284,0x8a030b,SJY182,-6.11853,106.64996,P,0,3327,20,67
2021-01-09 07:20:44Z.792,0x8a030b,SJY182,0,0,P,0,3327,20,67
2021-01-09 07:20:46Z.556,0x8a030b,SJY182,-6.11843,106.65019,P,0,3327,20,67
2021-01-09 07:20:47Z.582,0x8a030b,SJY182,-6.11838,106.65029,P,0,3327,20,67
2021-01-09 07:20:48Z.622,0x8a030b,SJY182,-6.11835,106.65038,P,0,3327,20,67
2021-01-09 07:20:50Z.034,0x8a030b,SJY182,-6.11832,106.65045,P,0,3327,20,67
2021-01-09 07:20:51Z.192,0x8a030b,SJY182,-6.11829,106.65055,P,0,3327,21,67
2021-01-09 07:20:52Z.168,0x8a030b,SJY182,-6.11824,106.65064,P,0,3327,21,67
2021-01-09 07:20:52Z.958,0x8a030b,SJY182,0,0,P,0,3327,21,67
2021-01-09 07:20:54Z.674,0x8a030b,SJY182,-6.11814,106.65091,P,0,3327,21,67
2021-01-09 07:20:56Z.236,0x8a030b,SJY182,-6.1181,106.651,P,0,3327,21,67
2021-01-09 07:20:57Z.088,0x8a030b,SJY182,-6.11807,106.65108,P,0,3327,22,67
2021-01-09 07:20:58Z.622,0x8a030b,SJY182,-6.11799,106.65127,P,0,3327,22,67
2021-01-09 07:21:00Z.128,0x8a030b,SJY182,-6.11795,106.65137,P,0,3327,22,67
2021-01-09 07:21:02Z.084,0x8a030b,SJY182,-6.11789,106.65154,P,0,3327,22,67
2021-01-09 07:21:02Z.128,0x8a030b,SJY182,0,0,P,0,3327,22,67
2021-01-09 07:21:03Z.924,0x8a030b,,0,0,P,0,3327,16,70
2021-01-09 07:21:04Z.184,0x8a030b,SJY182,-6.1178,106.65175,P,0,3327,23,67
2021-01-09 07:21:04Z.624,0x8a030b,SJY182,-6.11776,106.65184,P,0,3327,23,67
2021-01-09 07:21:06Z.090,0x8a030b,SJY182,-6.11773,106.65192,P,0,3327,23,67
2021-01-09 07:21:06Z.724,0x8a030b,SJY182,-6.11769,106.65204,P,0,3327,23,67
2021-01-09 07:21:07Z.576,0x8a030b,,0,0,P,0,3327,16,70
2021-01-09 07:21:09Z.102,0x8a030b,SJY182,-6.11762,106.65222,P,0,3327,23,67
2021-01-09 07:21:10Z.672,0x8a030b,SJY182,-6.11753,106.65242,P,0,3327,23,67
2021-01-09 07:21:11Z.514,0x8a030b,,0,0,P,0,3327,24,67
2021-01-09 07:21:11Z.832,0x8a030b,SJY182,0,0,P,0,3327,23,67
2021-01-09 07:21:11Z.860,0x8a030b,,-6.11753,106.65242,P,0,3327,23,67
2021-01-09 07:21:14Z.184,0x8a030b,SJY182,-6.11741,106.65273,P,0,3327,24,67
2021-01-09 07:21:14Z.722,0x8a030b,SJY182,-6.11736,106.65285,P,0,3327,24,67
2021-01-09 07:21:15Z.726,0x8a030b,SJY182,-6.11735,106.65289,P,0,3327,24,70
2021-01-09 07:21:16Z.564,0x8a030b,SJY182,-6.11729,106.65302,P,0,3327,24,70
2021-01-09 07:21:17Z.992,0x8a030b,SJY182,-6.11723,106.65318,P,0,3327,24,70
2021-01-09 07:21:40Z.198,0x8a030b,SJY182,-6.11639,106.65533,P,0,3327,23,67
2021-01-09 07:21:40Z.946,0x8a030b,SJY182,-6.11634,106.65546,P,0,3327,23,67
2021-01-09 07:21:44Z.282,0x8a030b,SJY182,-6.1162,106.65581,P,0,3327,23,67
2021-01-09 07:21:48Z.756,0x8a030b,SJY182,-6.11603,106.65623,P,0,3327,23,67
2021-01-09 07:21:50Z.602,0x8a030b,SJY182,-6.11597,106.65635,P,0,3327,23,67
2021-01-09 07:21:51Z.102,0x8a030b,SJY182,0,0,P,0,3327,23,67
2021-01-09 07:21:54Z.618,0x8a030b,SJY182,0,0,P,0,3327,23,67
2021-01-09 07:21:57Z.192,0x8a030b,SJY182,0,0,P,0,3327,23,67
2021-01-09 07:22:00Z.660,0x8a030b,SJY182,0,0,P,0,3327,22,67
2021-01-09 07:22:04Z.150,0x8a030b,SJY182,-6.11549,106.65761,P,0,3327,22,67
2021-01-09 07:22:06Z.628,0x8a030b,SJY182,0,0,P,0,3327,22,67
2021-01-09 07:22:08Z.678,0x8a030b,SJY182,-6.11529,106.65807,P,0,3327,22,67
2021-01-09 07:22:13Z.092,0x8a030b,SJY182,0,0,P,0,3327,21,67
2021-01-09 07:22:16Z.142,0x8a030b,SJY182,0,0,P,0,3327,21,67
2021-01-09 07:22:17Z.198,0x8a030b,SJY182,-6.11496,106.6589,P,0,3327,21,67
2021-01-09 07:22:18Z.046,0x8a030b,SJY182,-6.11494,106.65897,P,0,3327,21,67
2021-01-09 07:22:18Z.598,0x8a030b,SJY182,-6.11492,106.659,P,0,3327,21,67
2021-01-09 07:22:21Z.116,0x8a030b,SJY182,0,0,P,0,3327,21,67
2021-01-09 07:22:24Z.128,0x8a030b,SJY182,0,0,P,0,3327,20,67
2021-01-09 07:22:27Z.880,0x8a030b,SJY182,-6.11462,106.65972,P,0,3327,20,67
2021-01-09 07:22:29Z.238,0x8a030b,SJY182,-6.11454,106.65991,P,0,3327,20,67
2021-01-09 07:22:30Z.234,0x8a030b,SJY182,-6.11451,106.66,P,0,3327,20,67
2021-01-09 07:22:33Z.184,0x8a030b,SJY182,0,0,P,0,3327,20,70
2021-01-09 07:22:36Z.652,0x8a030b,SJY182,0,0,P,0,3327,20,67
2021-01-09 07:22:39Z.138,0x8a030b,SJY182,0,0,P,0,3327,20,67
2021-01-09 07:22:41Z.208,0x8a030b,SJY182,-6.11414,106.66093,P,0,3327,21,67
2021-01-09 07:22:42Z.182,0x8a030b,SJY182,-6.1141,106.66102,P,0,3327,21,67
2021-01-09 07:22:43Z.300,0x8a030b,SJY182,-6.11406,106.66113,P,0,3327,21,67
2021-01-09 07:22:45Z.126,0x8a030b,SJY182,0,0,P,0,3327,21,67
2021-01-09 07:22:48Z.358,0x8a030b,SJY182,0,0,P,0,3327,21,67
2021-01-09 07:22:51Z.338,0x8a030b,SJY182,0,0,P,0,3327,21,67
2021-01-09 07:22:54Z.342,0x8a030b,SJY182,0,0,P,0,3327,21,67
2021-01-09 07:22:57Z.324,0x8a030b,SJY182,0,0,P,0,3327,21,67
2021-01-09 07:23:00Z.870,0x8a030b,SJY182,0,0,P,0,3327,21,67
2021-01-09 07:23:04Z.344,0x8a030b,SJY182,0,0,P,0,3327,21,70
2021-01-09 07:23:05Z.880,0x8a030b,SJY182,-6.1133,106.66309,P,0,3327,21,70
2021-01-09 07:23:06Z.324,0x8a030b,SJY182,0,0,P,0,3327,21,70
2021-01-09 07:23:08Z.370,0x8a030b,SJY182,-6.11319,106.66334,P,0,3327,20,67
2021-01-09 07:23:09Z.838,0x8a030b,SJY182,0,0,P,0,3327,20,67
2021-01-09 07:23:12Z.838,0x8a030b,SJY182,0,0,P,0,3327,20,67
2021-01-09 07:23:15Z.848,0x8a030b,SJY182,0,0,P,0,3327,19,67
2021-01-09 07:23:18Z.320,0x8a030b,SJY182,-6.11287,106.66418,P,0,3327,19,67
2021-01-09 07:23:19Z.878,0x8a030b,SJY182,-6.11283,106.66426,P,0,3327,19,67
2021-01-09 07:23:20Z.416,0x8a030b,SJY182,-6.11279,106.66434,P,0,3327,19,67
2021-01-09 07:23:22Z.496,0x8a030b,SJY182,-6.11276,106.66444,P,0,3327,19,67
2021-01-09 07:23:25Z.332,0x8a030b,SJY182,0,0,P,0,3327,19,67
2021-01-09 07:23:28Z.324,0x8a030b,SJY182,0,0,P,0,3327,19,67
2021-01-09 07:23:30Z.590,0x8a030b,SJY182,-6.11251,106.66506,P,0,3327,18,67
2021-01-09 07:23:30Z.938,0x8a030b,SJY182,-6.11247,106.66513,P,0,3327,18,67
2021-01-09 07:23:31Z.884,0x8a030b,SJY182,-6.11245,106.6652,P,0,3327,18,67
2021-01-09 07:23:32Z.492,0x8a030b,SJY182,-6.11242,106.66528,P,0,3327,18,67
2021-01-09 07:23:34Z.406,0x8a030b,SJY182,-6.11239,106.66535,P,0,3327,17,67
2021-01-09 07:23:35Z.982,0x8a030b,SJY182,-6.11233,106.66549,P,0,3327,16,67
2021-01-09 07:23:36Z.518,0x8a030b,SJY182,-6.11231,106.66557,P,0,3327,16,67
2021-01-09 07:23:38Z.066,0x8a030b,SJY182,-6.11228,106.66563,P,0,3327,16,67
2021-01-09 07:23:38Z.520,0x8a030b,SJY182,-6.11225,106.6657,P,0,3327,16,67
2021-01-09 07:23:39Z.848,0x8a030b,SJY182,-6.11223,106.66575,P,0,3327,15,67
2021-01-09 07:23:42Z.356,0x8a030b,SJY182,0,0,P,0,3327,15,67
2021-01-09 07:23:44Z.690,0x8a030b,SJY182,-6.11212,106.66601,P,0,3327,14,67
2021-01-09 07:23:46Z.346,0x8a030b,SJY182,-6.11206,106.66617,P,0,3327,13,67
2021-01-09 07:23:46Z.358,0x8a030b,SJY182,-6.11208,106.66611,P,0,3327,14,67
2021-01-09 07:23:48Z.456,0x8a030b,SJY182,-6.11201,106.66628,P,0,3327,12,67
2021-01-09 07:23:50Z.082,0x8a030b,SJY182,-6.112,106.66633,P,0,3327,12,67
2021-01-09 07:23:50Z.536,0x8a030b,SJY182,-6.11198,106.66638,P,0,3327,11,67
2021-01-09 07:23:51Z.940,0x8a030b,SJY182,-6.11197,106.66641,P,0,3327,11,67
2021-01-09 07:23:52Z.774,0x8a030b,SJY182,-6.11195,106.66647,P,0,3327,10,67
2021-01-09 07:23:54Z.336,0x8a030b,SJY182,-6.11192,106.66652,P,0,3327,10,67
2021-01-09 07:23:54Z.694,0x8a030b,SJY182,-6.11191,106.66654,P,0,3327,9,67
2021-01-09 07:23:56Z.086,0x8a030b,SJY182,-6.1119,106.66657,P,0,3327,8,67
2021-01-09 07:23:56Z.740,0x8a030b,SJY182,-6.11189,106.6666,P,0,3327,7,67
2021-01-09 07:23:58Z.270,0x8a030b,SJY182,-6.11188,106.66663,P,0,3327,7,67
2021-01-09 07:23:58Z.576,0x8a030b,SJY182,-6.11187,106.66665,P,0,3327,6,67
2021-01-09 07:23:59Z.940,0x8a030b,SJY182,-6.11187,106.66667,P,0,3327,5,67
2021-01-09 07:24:00Z.566,0x8a030b,SJY182,-6.11186,106.66669,P,0,3327,5,67
2021-01-09 07:24:01Z.988,0x8a030b,SJY182,-6.11186,106.66671,P,0,3327,4,67
2021-01-09 07:24:02Z.926,0x8a030b,SJY182,-6.11184,106.66673,P,0,3327,4,67
2021-01-09 07:24:03Z.916,0x8a030b,SJY182,-6.11184,106.66673,P,0,3327,3,64
2021-01-09 07:24:04Z.626,0x8a030b,SJY182,-6.11183,106.66675,P,0,3327,3,64
2021-01-09 07:24:06Z.604,0x8a030b,SJY182,-6.11183,106.66677,P,0,3327,2,67
2021-01-09 07:24:06Z.690,0x8a030b,SJY182,-6.11183,106.66676,P,0,3327,3,67
2021-01-09 07:24:08Z.138,0x8a030b,SJY182,-6.11182,106.66677,P,0,3327,1,67
2021-01-09 07:24:08Z.774,0x8a030b,SJY182,-6.11182,106.66677,P,0,3327,1,64
2021-01-09 07:24:10Z.822,0x8a030b,SJY182,-6.11182,106.66678,P,0,3327,1,64
2021-01-09 07:24:10Z.924,0x8a030b,SJY182,-6.11182,106.66678,P,0,3327,1,64
2021-01-09 07:24:12Z.486,0x8a030b,SJY182,-6.11182,106.66679,P,0,3327,1,67
2021-01-09 07:24:13Z.020,0x8a030b,SJY182,-6.11181,106.66679,P,0,3327,1,64
2021-01-09 07:24:14Z.386,0x8a030b,SJY182,-6.11181,106.66679,P,0,3327,1,61
2021-01-09 07:24:14Z.724,0x8a030b,SJY182,-6.11181,106.66679,P,0,3327,1,64
2021-01-09 07:24:16Z.382,0x8a030b,SJY182,-6.11181,106.6668,P,0,3327,1,70
2021-01-09 07:24:16Z.974,0x8a030b,SJY182,-6.11181,106.6668,P,0,3327,1,61
2021-01-09 07:24:18Z.436,0x8a030b,SJY182,-6.11181,106.66681,P,0,3327,1,67
2021-01-09 07:24:54Z.370,0x8a030b,SJY182,0,0,P,0,3327,1,64
2021-01-09 07:24:58Z.140,0x8a030b,SJY182,0,0,P,0,3327,2,64
2021-01-09 07:25:01Z.664,0x8a030b,SJY182,0,0,P,0,3327,2,64
2021-01-09 07:25:04Z.132,0x8a030b,SJY182,0,0,P,0,3327,3,67
2021-01-09 07:25:07Z.136,0x8a030b,SJY182,0,0,P,0,3327,2,64
2021-01-09 07:25:10Z.620,0x8a030b,SJY182,0,0,P,0,3327,3,67
2021-01-09 07:25:13Z.666,0x8a030b,SJY182,0,0,P,0,3327,2,67
2021-01-09 07:25:16Z.108,0x8a030b,SJY182,0,0,P,0,3327,2,70
2021-01-09 07:25:20Z.146,0x8a030b,SJY182,0,0,P,0,3327,1,67
2021-01-09 07:25:22Z.646,0x8a030b,SJY182,0,0,P,0,3327,1,67
2021-01-09 07:25:25Z.120,0x8a030b,SJY182,0,0,P,0,3327,1,67
2021-01-09 07:25:28Z.632,0x8a030b,SJY182,0,0,P,0,3327,2,70
2021-01-09 07:25:31Z.106,0x8a030b,SJY182,0,0,P,0,3327,2,70
2021-01-09 07:25:32Z.574,0x8a030b,SJY182,-6.11168,106.66712,P,0,3327,3,67
2021-01-09 07:25:34Z.156,0x8a030b,SJY182,0,0,P,0,3327,3,67
2021-01-09 07:25:38Z.116,0x8a030b,SJY182,0,0,P,0,3327,3,67
2021-01-09 07:25:39Z.114,0x8a030b,SJY182,-6.11166,106.6672,P,0,3327,3,70
2021-01-09 07:25:40Z.690,0x8a030b,SJY182,-6.11165,106.66721,P,0,3327,3,67
2021-01-09 07:25:41Z.190,0x8a030b,SJY182,-6.11164,106.66721,P,0,3327,3,70
2021-01-09 07:25:43Z.158,0x8a030b,SJY182,0,0,P,0,3327,3,67
2021-01-09 07:25:43Z.926,0x8a030b,,-6.11163,106.66725,P,0,0,3,70
2021-01-09 07:25:45Z.890,0x8a030b,,-6.11163,106.66726,P,0,0,3,70
2021-01-09 07:25:46Z.730,0x8a030b,SJY182,0,0,P,0,3327,3,70
2021-01-09 07:25:47Z.766,0x8a030b,,-6.11161,106.66727,P,0,0,3,67
2021-01-09 07:25:49Z.732,0x8a030b,SJY182,-6.1116,106.6673,P,0,3327,3,70
2021-01-09 07:25:49Z.822,0x8a030b,,-6.1116,106.6673,P,0,3327,3,70
2021-01-09 07:25:50Z.894,0x8a030b,,-6.1116,106.66731,P,0,3327,3,70
2021-01-09 07:25:52Z.226,0x8a030b,SJY182,0,0,P,0,3327,3,67
2021-01-09 07:25:53Z.880,0x8a030b,,-6.1116,106.66734,P,0,3327,3,67
2021-01-09 07:25:54Z.386,0x8a030b,,0,0,P,0,3327,3,67
2021-01-09 07:25:56Z.192,0x8a030b,SJY182,0,0,P,0,3327,3,67
2021-01-09 07:25:56Z.752,0x8a030b,SJY182,-6.11157,106.66739,P,0,3327,3,67
2021-01-09 07:25:58Z.090,0x8a030b,,-6.11156,106.66741,P,0,3327,4,67
2021-01-09 07:25:58Z.232,0x8a030b,SJY182,0,0,P,0,3327,4,67
2021-01-09 07:26:02Z.186,0x8a030b,SJY182,0,0,P,0,3327,4,67
2021-01-09 07:26:04Z.200,0x8a030b,SJY182,0,0,P,0,3327,4,67
2021-01-09 07:26:05Z.230,0x8a030b,SJY182,-6.11152,106.66754,P,0,3327,4,67
2021-01-09 07:26:08Z.250,0x8a030b,SJY182,-6.11151,106.66755,P,0,3327,3,67
2021-01-09 07:26:10Z.340,0x8a030b,SJY182,0,0,P,0,3327,1,70
2021-01-09 07:26:14Z.330,0x8a030b,SJY182,0,0,P,0,3327,1,81
2021-01-09 07:27:28Z.036,0x8a030b,SJY182,-6.1139,106.66862,P,0,3327,3,67
2021-01-09 07:27:28Z.476,0x8a030b,SJY182,-6.1139,106.66862,P,0,3327,3,67
2021-01-09 07:27:30Z.036,0x8a030b,SJY182,-6.1139,106.66862,P,0,3327,3,67
2021-01-09 07:27:30Z.476,0x8a030b,SJY182,-6.1139,106.66862,P,0,3327,3,67
2021-01-09 07:27:32Z.426,0x8a030b,SJY182,-6.1139,106.66862,P,0,3327,3,67
2021-01-09 07:27:32Z.548,0x8a030b,SJY182,0,0,P,0,3327,3,67
2021-01-09 07:27:34Z.412,0x8a030b,SJY182,-6.1139,106.66862,P,0,3327,3,67
2021-01-09 07:27:34Z.552,0x8a030b,SJY182,-6.1139,106.66862,P,0,3327,3,67
2021-01-09 07:27:36Z.138,0x8a030b,SJY182,-6.1139,106.66862,P,0,3327,3,67
2021-01-09 07:27:37Z.652,0x8a030b,SJY182,-6.11408,106.66879,P,0,3327,3,67
2021-01-09 07:27:38Z.776,0x8a030b,SJY182,-6.11408,106.66879,P,0,3327,3,67
2021-01-09 07:27:40Z.428,0x8a030b,SJY182,-6.11408,106.66879,P,0,3327,3,67
2021-01-09 07:27:40Z.844,0x8a030b,SJY182,-6.11408,106.66879,P,0,3327,3,67
2021-01-09 07:27:42Z.426,0x8a030b,SJY182,-6.11408,106.66879,P,0,3327,3,67
2021-01-09 07:27:43Z.504,0x8a030b,SJY182,-6.11149,106.66759,P,0,3327,1,64
2021-01-09 07:27:44Z.526,0x8a030b,SJY182,-6.11149,106.66759,P,0,3327,1,70
2021-01-09 07:27:45Z.888,0x8a030b,SJY182,-6.11149,106.66761,P,0,3327,1,64
2021-01-09 07:27:47Z.292,0x8a030b,SJY182,0,0,P,0,3327,1,70
2021-01-09 07:27:47Z.922,0x8a030b,SJY182,-6.11149,106.66762,P,0,3327,2,64
2021-01-09 07:27:48Z.876,0x8a030b,SJY182,-6.11148,106.66763,P,0,3327,2,67
2021-01-09 07:27:49Z.424,0x8a030b,SJY182,-6.11148,106.66763,P,0,3327,2,67
2021-01-09 07:27:50Z.476,0x8a030b,SJY182,-6.11147,106.66765,P,0,3327,3,67
2021-01-09 07:27:52Z.602,0x8a030b,SJY182,-6.11146,106.66767,P,0,3327,3,67
2021-01-09 07:27:54Z.528,0x8a030b,SJY182,-6.11145,106.66769,P,0,3327,3,67
2021-01-09 07:27:55Z.572,0x8a030b,SJY182,-6.11145,106.66772,P,0,3327,4,67
2021-01-09 07:27:58Z.190,0x8a030b,SJY182,-6.11143,106.66774,P,0,3327,4,67
2021-01-09 07:27:58Z.716,0x8a030b,SJY182,-6.11142,106.66776,P,0,3327,4,70
2021-01-09 07:28:00Z.678,0x8a030b,SJY182,-6.11141,106.6678,P,0,3327,5,70
2021-01-09 07:28:03Z.886,0x8a030b,SJY182,0,0,P,0,3327,5,70
2021-01-09 07:28:07Z.716,0x8a030b,SJY182,-6.11135,106.66795,P,0,3327,6,67
2021-01-09 07:28:09Z.932,0x8a030b,SJY182,-6.11133,106.66799,P,0,3327,6,70
2021-01-09 07:28:10Z.448,0x8a030b,SJY182,-6.11132,106.66802,P,0,3327,7,67
2021-01-09 07:28:12Z.300,0x8a030b,SJY182,-6.11131,106.66806,P,0,3327,7,70
2021-01-09 07:28:13Z.860,0x8a030b,SJY182,0,0,P,0,3327,7,70
2021-01-09 07:28:14Z.832,0x8a030b,SJY182,-6.11127,106.66815,P,0,3327,7,67
2021-01-09 07:28:17Z.038,0x8a030b,SJY182,0,0,P,0,3327,8,67
2021-01-09 07:28:18Z.282,0x8a030b,SJY182,-6.11123,106.66826,P,0,3327,7,67
2021-01-09 07:28:19Z.234,0x8a030b,SJY182,-6.11121,106.66828,P,0,3327,7,67
2021-01-09 07:28:21Z.652,0x8a030b,SJY182,0,0,P,0,3327,7,67
2021-01-09 07:28:25Z.648,0x8a030b,SJY182,0,0,P,0,3327,7,67
2021-01-09 07:28:26Z.206,0x8a030b,SJY182,0,0,P,0,3327,7,67
2021-01-09 07:28:31Z.974,0x8a030b,SJY182,0,0,P,0,3327,5,70
2021-01-09 07:28:33Z.958,0x8a030b,SJY182,-6.11108,106.66865,P,0,3327,3,67
2021-01-09 07:28:37Z.874,0x8a030b,SJY182,0,0,P,0,3327,1,61
2021-01-09 07:28:40Z.782,0x8a030b,SJY182,-6.11106,106.66867,P,0,3327,1,64
2021-01-09 07:28:44Z.578,0x8a030b,SJY182,-6.11105,106.66869,P,0,3327,1,64
2021-01-09 07:28:46Z.382,0x8a030b,SJY182,-6.11105,106.6687,P,0,3327,1,64
2021-01-09 07:28:49Z.908,0x8a030b,SJY182,0,0,P,0,3327,1,64
2021-01-09 07:28:53Z.632,0x8a030b,SJY182,0,0,P,0,3327,1,64
2021-01-09 07:28:55Z.878,0x8a030b,SJY182,0,0,P,0,3327,1,64
2021-01-09 07:28:58Z.404,0x8a030b,SJY182,0,0,P,0,3327,1,64
2021-01-09 07:29:01Z.916,0x8a030b,SJY182,0,0,P,0,3327,1,64
2021-01-09 07:29:05Z.648,0x8a030b,SJY182,0,0,P,0,3327,1,64
2021-01-09 07:29:08Z.624,0x8a030b,SJY182,0,0,P,0,3327,1,64
2021-01-09 07:29:10Z.878,0x8a030b,SJY182,0,0,P,0,3327,1,64
2021-01-09 07:29:14Z.638,0x8a030b,SJY182,0,0,P,0,3327,1,64
2021-01-09 07:29:17Z.146,0x8a030b,SJY182,0,0,P,0,3327,1,64
2021-01-09 07:29:20Z.670,0x8a030b,SJY182,0,0,P,0,3327,1,64
2021-01-09 07:29:23Z.200,0x8a030b,SJY182,0,0,P,0,3327,1,64
2021-01-09 07:29:25Z.894,0x8a030b,SJY182,0,0,P,0,3327,1,64
2021-01-09 07:29:29Z.186,0x8a030b,SJY182,0,0,P,0,3327,1,64
2021-01-09 07:29:32Z.168,0x8a030b,SJY182,0,0,P,0,3327,1,64
2021-01-09 07:29:35Z.184,0x8a030b,SJY182,0,0,P,0,3327,1,64
2021-01-09 07:29:38Z.186,0x8a030b,SJY182,0,0,P,0,3327,1,64
2021-01-09 07:29:40Z.798,0x8a030b,SJY182,0,0,P,0,3327,1,64
2021-01-09 07:29:45Z.300,0x8a030b,SJY182,0,0,P,0,3327,1,64
2021-01-09 07:29:47Z.278,0x8a030b,SJY182,0,0,N,0,3327,1,64
2021-01-09 07:29:50Z.302,0x8a030b,SJY182,0,0,N,0,3327,1,64
2021-01-09 07:29:53Z.138,0x8a030b,SJY182,0,0,N,0,3327,1,64
2021-01-09 07:29:55Z.718,0x8a030b,SJY182,0,0,N,0,3327,1,64
2021-01-09 07:29:58Z.394,0x8a030b,SJY182,0,0,N,0,3327,1,64
2021-01-09 07:30:02Z.704,0x8a030b,SJY182,0,0,N,0,3327,1,64
2021-01-09 07:30:05Z.306,0x8a030b,SJY182,0,0,N,0,3327,1,64
2021-01-09 07:30:08Z.308,0x8a030b,SJY182,0,0,N,0,3327,1,64
2021-01-09 07:30:10Z.366,0x8a030b,SJY182,0,0,N,0,3327,1,64
2021-01-09 07:30:14Z.352,0x8a030b,SJY182,0,0,N,0,3327,1,64
2021-01-09 07:30:15Z.820,0x8a030b,SJY182,0,0,N,0,3327,1,64
2021-01-09 07:30:20Z.098,0x8a030b,SJY182,0,0,N,0,3327,1,64
2021-01-09 07:30:24Z.356,0x8a030b,SJY182,0,0,N,0,3327,1,64
2021-01-09 07:30:25Z.878,0x8a030b,SJY182,0,0,N,0,3327,1,64
2021-01-09 07:30:30Z.388,0x8a030b,SJY182,0,0,N,0,3327,1,64
2021-01-09 07:30:32Z.862,0x8a030b,SJY182,0,0,N,0,3327,1,64
2021-01-09 07:30:35Z.868,0x8a030b,SJY182,0,0,N,0,3327,1,64
2021-01-09 07:30:38Z.872,0x8a030b,SJY182,0,0,N,0,3327,1,64
2021-01-09 07:30:40Z.312,0x8a030b,SJY182,0,0,N,0,3327,1,64
2021-01-09 07:30:44Z.346,0x8a030b,SJY182,0,0,N,0,3327,1,64
2021-01-09 07:30:47Z.194,0x8a030b,SJY182,0,0,N,0,3327,1,64
2021-01-09 07:30:50Z.368,0x8a030b,SJY182,0,0,N,0,3327,1,64
2021-01-09 07:30:53Z.318,0x8a030b,SJY182,0,0,N,0,3327,1,64
2021-01-09 07:30:55Z.300,0x8a030b,SJY182,0,0,N,0,3327,1,64
2021-01-09 07:31:07Z.880,0x8a030b,SJY182,0,0,P,0,3327,1,64
2021-01-09 07:31:11Z.840,0x8a030b,SJY182,0,0,P,0,3327,1,64
2021-01-09 07:31:14Z.258,0x8a030b,SJY182,0,0,P,0,3327,1,64
2021-01-09 07:31:16Z.354,0x8a030b,SJY182,0,0,P,0,3327,1,64
2021-01-09 07:31:20Z.442,0x8a030b,SJY182,-6.11099,106.66884,P,0,3327,4,67
2021-01-09 07:31:20Z.488,0x8a030b,SJY182,-6.11098,106.66885,P,0,3327,5,67
2021-01-09 07:31:22Z.392,0x8a030b,SJY182,-6.11097,106.66888,P,0,3327,5,67
2021-01-09 07:31:22Z.418,0x8a030b,SJY182,-6.11097,106.66889,P,0,3327,5,67
2021-01-09 07:31:23Z.898,0x8a030b,SJY182,-6.11096,106.66891,P,0,3327,5,67
2021-01-09 07:31:24Z.980,0x8a030b,SJY182,-6.11095,106.66894,P,0,3327,5,67
2021-01-09 07:31:26Z.450,0x8a030b,SJY182,-6.11094,106.66896,P,0,3327,6,67
2021-01-09 07:31:26Z.838,0x8a030b,SJY182,-6.11092,106.66899,P,0,3327,6,67
2021-01-09 07:31:28Z.450,0x8a030b,SJY182,-6.11091,106.66902,P,0,3327,6,67
2021-01-09 07:31:28Z.988,0x8a030b,SJY182,-6.1109,106.66904,P,0,3327,6,67
2021-01-09 07:31:29Z.858,0x8a030b,SJY182,-6.11089,106.66907,P,0,3327,6,67
2021-01-09 07:31:30Z.442,0x8a030b,SJY182,-6.11089,106.66908,P,0,3327,7,67
2021-01-09 07:31:32Z.526,0x8a030b,SJY182,-6.11088,106.66913,P,0,3327,7,67
2021-01-09 07:31:32Z.546,0x8a030b,SJY182,-6.11087,106.66914,P,0,3327,7,67
2021-01-09 07:31:34Z.692,0x8a030b,SJY182,-6.11084,106.6692,P,0,3327,7,64
2021-01-09 07:31:36Z.258,0x8a030b,SJY182,-6.11083,106.66923,P,0,3327,8,64
2021-01-09 07:31:36Z.636,0x8a030b,SJY182,-6.11082,106.66926,P,0,3327,8,67
2021-01-09 07:31:38Z.146,0x8a030b,SJY182,-6.1108,106.66929,P,0,3327,8,67
2021-01-09 07:31:38Z.828,0x8a030b,SJY182,0,0,P,0,3327,7,64
2021-01-09 07:31:39Z.032,0x8a030b,,0,0,P,0,3327,8,67
2021-01-09 07:31:40Z.146,0x8a030b,SJY182,-6.11077,106.66934,P,0,3327,7,64
2021-01-09 07:31:40Z.670,0x8a030b,SJY182,-6.11076,106.66939,P,0,3327,8,61
2021-01-09 07:31:40Z.796,0x8a030b,,-6.11077,106.66934,P,0,3327,7,64
2021-01-09 07:31:41Z.618,0x8a030b,SJY182,-6.11074,106.66941,P,0,3327,8,61
2021-01-09 07:31:42Z.208,0x8a030b,,0,0,P,0,3327,7,64
2021-01-09 07:31:43Z.034,0x8a030b,SJY182,-6.11072,106.66945,P,0,3327,8,59
2021-01-09 07:31:44Z.446,0x8a030b,SJY182,-6.1107,106.66948,P,0,3327,8,56
2021-01-09 07:31:45Z.036,0x8a030b,SJY182,-6.11068,106.6695,P,0,3327,8,53
2021-01-09 07:31:45Z.644,0x8a030b,,-6.11069,106.66949,P,0,3327,8,53
2021-01-09 07:31:46Z.462,0x8a030b,SJY182,-6.11066,106.66953,P,0,3327,8,53
2021-01-09 07:31:47Z.034,0x8a030b,SJY182,-6.11063,106.66955,P,0,3327,8,50
2021-01-09 07:31:47Z.858,0x8a030b,SJY182,-6.11061,106.66958,P,0,3327,8,50
2021-01-09 07:31:48Z.950,0x8a030b,SJY182,-6.11058,106.66961,P,0,3327,8,45
2021-01-09 07:31:49Z.296,0x8a030b,,0,0,P,0,3327,8,45
2021-01-09 07:31:50Z.462,0x8a030b,SJY182,-6.11056,106.66962,P,0,3327,8,42
2021-01-09 07:31:51Z.090,0x8a030b,SJY182,-6.11053,106.66965,P,0,3327,7,39
2021-01-09 07:31:52Z.162,0x8a030b,SJY182,-6.11052,106.66965,P,0,3327,7,33
2021-01-09 07:31:52Z.978,0x8a030b,SJY182,-6.11048,106.66968,P,0,3327,7,33
2021-01-09 07:31:54Z.034,0x8a030b,SJY182,-6.11046,106.66969,P,0,3327,6,28
2021-01-09 07:31:54Z.342,0x8a030b,SJY182,0,0,P,0,3327,6,28
2021-01-09 07:31:54Z.608,0x8a030b,SJY182,-6.11045,106.66969,P,0,3327,6,25
2021-01-09 07:31:56Z.272,0x8a030b,SJY182,-6.11042,106.66971,P,0,3327,5,22
2021-01-09 07:31:56Z.680,0x8a030b,SJY182,-6.11041,106.66972,P,0,3327,5,22
2021-01-09 07:31:58Z.222,0x8a030b,SJY182,-6.11039,106.66972,P,0,3327,4,19
2021-01-09 07:31:58Z.760,0x8a030b,SJY182,-6.11038,106.66972,P,0,3327,4,14
2021-01-09 07:31:59Z.520,0x8a030b,SJY182,-6.11039,106.66972,P,0,3327,4,14
2021-01-09 07:31:59Z.802,0x8a030b,SJY182,-6.11037,106.66973,P,0,3327,3,14
2021-01-09 07:32:00Z.952,0x8a030b,SJY182,0,0,P,0,3327,3,14
2021-01-09 07:32:04Z.110,0x8a030b,SJY182,0,0,P,0,3327,2,8
2021-01-09 07:32:07Z.108,0x8a030b,SJY182,0,0,P,0,3327,1,5
2021-01-09 07:32:09Z.108,0x8a030b,SJY182,0,0,P,0,3327,1,2
2021-01-09 07:32:12Z.652,0x8a030b,SJY182,0,0,P,0,3327,1,5
2021-01-09 07:32:15Z.188,0x8a030b,SJY182,0,0,P,0,3327,1,0
2021-01-09 07:34:00Z.190,0x8a030b,SJY182,-6.11028,106.66973,P,0,3327,1,5
2021-01-09 07:34:00Z.266,0x8a030b,SJY182,-6.11028,106.66973,P,0,3327,1,5
2021-01-09 07:34:00Z.294,0x8a030b,SJY182,0,0,P,0,3327,1,5
2021-01-09 07:34:00Z.378,0x8a030b,SJY182,0,0,P,0,3327,1,5
2021-01-09 07:34:03Z.802,0x8a030b,SJY182,0,0,P,0,3327,1,5
2021-01-09 07:34:04Z.878,0x8a030b,SJY182,-6.11025,106.66974,P,0,3327,2,8
2021-01-09 07:34:05Z.914,0x8a030b,SJY182,0,0,P,0,3327,1,5
2021-01-09 07:34:07Z.240,0x8a030b,SJY182,0,0,P,0,3327,2,8
2021-01-09 07:34:10Z.102,0x8a030b,SJY182,-6.11018,106.66975,P,0,3327,4,5
2021-01-09 07:34:10Z.318,0x8a030b,SJY182,-6.11018,106.66975,P,0,3327,4,5
2021-01-09 07:34:10Z.870,0x8a030b,SJY182,-6.11016,106.66975,P,0,3327,5,2
2021-01-09 07:34:11Z.680,0x8a030b,SJY182,-6.11017,106.66975,P,0,3327,5,2
2021-01-09 07:34:12Z.718,0x8a030b,SJY182,-6.11012,106.66975,P,0,3327,5,0
2021-01-09 07:34:12Z.794,0x8a030b,SJY182,-6.11013,106.66975,P,0,3327,5,2
2021-01-09 07:34:12Z.968,0x8a030b,SJY182,-6.11013,106.66975,P,0,3327,5,2
2021-01-09 07:34:14Z.182,0x8a030b,SJY182,-6.11009,106.66975,P,0,3327,5,357
2021-01-09 07:34:14Z.770,0x8a030b,SJY182,-6.11007,106.66975,P,0,3327,6,357
2021-01-09 07:34:15Z.724,0x8a030b,SJY182,-6.11004,106.66974,P,0,3327,6,351
2021-01-09 07:34:16Z.320,0x8a030b,SJY182,-6.11002,106.66974,P,0,3327,6,351
2021-01-09 07:34:17Z.422,0x8a030b,SJY182,-6.10999,106.66974,P,0,3327,6,348
2021-01-09 07:34:18Z.432,0x8a030b,SJY182,-6.10998,106.66973,P,0,3327,6,348
2021-01-09 07:34:19Z.886,0x8a030b,SJY182,-6.10996,106.66973,P,0,3327,7,345
2021-01-09 07:34:20Z.332,0x8a030b,SJY182,-6.10992,106.66972,P,0,3327,7,343
2021-01-09 07:34:20Z.662,0x8a030b,SJY182,-6.1099,106.66971,P,0,3327,7,340
2021-01-09 07:34:21Z.952,0x8a030b,SJY182,-6.1099,106.66971,P,0,3327,7,340
2021-01-09 07:34:22Z.152,0x8a030b,SJY182,-6.10987,106.66969,P,0,3327,7,340
2021-01-09 07:34:24Z.024,0x8a030b,SJY182,-6.10981,106.66967,P,0,3327,8,334
2021-01-09 07:34:24Z.578,0x8a030b,SJY182,-6.10978,106.66965,P,0,3327,8,331
2021-01-09 07:34:25Z.662,0x8a030b,SJY182,-6.10978,106.66965,P,0,3327,8,331
2021-01-09 07:34:26Z.080,0x8a030b,SJY182,-6.10975,106.66963,P,0,3327,8,326
2021-01-09 07:34:26Z.962,0x8a030b,SJY182,-6.1097,106.6696,P,0,3327,8,323
2021-01-09 07:34:27Z.764,0x8a030b,SJY182,0,0,P,0,3327,8,323
2021-01-09 07:34:28Z.420,0x8a030b,SJY182,-6.10968,106.66957,P,0,3327,9,320
2021-01-09 07:34:28Z.862,0x8a030b,SJY182,-6.10966,106.66955,P,0,3327,9,317
2021-01-09 07:34:30Z.474,0x8a030b,SJY182,-6.10962,106.66952,P,0,3327,9,315
2021-01-09 07:34:30Z.874,0x8a030b,SJY182,-6.1096,106.66949,P,0,3327,9,312
2021-01-09 07:34:32Z.526,0x8a030b,SJY182,-6.10957,106.66945,P,0,3327,9,309
2021-01-09 07:34:32Z.612,0x8a030b,SJY182,-6.10955,106.66943,P,0,3327,9,306
2021-01-09 07:34:32Z.632,0x8a030b,SJY182,-6.10958,106.66947,P,0,3327,9,309
2021-01-09 07:34:33Z.376,0x8a030b,SJY182,0,0,P,0,3327,9,309
2021-01-09 07:34:34Z.230,0x8a030b,SJY182,-6.10953,106.66939,P,0,3327,10,303
2021-01-09 07:34:34Z.720,0x8a030b,SJY182,-6.1095,106.66935,P,0,3327,10,300
2021-01-09 07:34:35Z.802,0x8a030b,SJY182,-6.10949,106.66931,P,0,3327,10,298
2021-01-09 07:34:36Z.582,0x8a030b,SJY182,-6.10947,106.6693,P,0,3327,10,298
2021-01-09 07:34:37Z.028,0x8a030b,SJY182,-6.10946,106.66927,P,0,3327,10,295
2021-01-09 07:34:37Z.626,0x8a030b,SJY182,-6.10946,106.66927,P,0,3327,10,295
2021-01-09 07:34:39Z.020,0x8a030b,SJY182,-6.10943,106.66919,P,0,3327,9,295
2021-01-09 07:34:39Z.810,0x8a030b,SJY182,0,0,P,0,3327,9,295
2021-01-09 07:34:40Z.486,0x8a030b,SJY182,-6.10941,106.66916,P,0,3327,9,295
2021-01-09 07:34:40Z.970,0x8a030b,SJY182,-6.10939,106.66912,P,0,3327,8,295
2021-01-09 07:34:41Z.982,0x8a030b,SJY182,-6.10938,106.66911,P,0,3327,8,295
2021-01-09 07:34:42Z.210,0x8a030b,SJY182,-6.10938,106.66911,P,0,3327,8,295
2021-01-09 07:34:42Z.640,0x8a030b,SJY182,-6.10938,106.66908,P,0,3327,7,298
2021-01-09 07:34:43Z.854,0x8a030b,SJY182,-6.10936,106.66905,P,0,3327,7,298
2021-01-09 07:34:44Z.144,0x8a030b,SJY182,-6.10936,106.66905,P,0,3327,7,298
2021-01-09 07:34:44Z.682,0x8a030b,SJY182,-6.10934,106.66903,P,0,3327,6,298
2021-01-09 07:34:46Z.312,0x8a030b,SJY182,-6.10933,106.66901,P,0,3327,6,298
2021-01-09 07:34:46Z.558,0x8a030b,SJY182,-6.10933,106.66901,P,0,3327,6,298
2021-01-09 07:34:46Z.932,0x8a030b,SJY182,-6.10932,106.66898,P,0,3327,5,298
2021-01-09 07:34:48Z.036,0x8a030b,SJY182,-6.10931,106.66896,P,0,3327,5,298
2021-01-09 07:34:48Z.396,0x8a030b,SJY182,-6.10931,106.66896,P,0,3327,5,298
2021-01-09 07:34:48Z.478,0x8a030b,SJY182,-6.1093,106.66895,P,0,3327,5,298
2021-01-09 07:34:48Z.890,0x8a030b,SJY182,-6.10931,106.66895,P,0,3327,5,298
2021-01-09 07:34:50Z.358,0x8a030b,SJY182,-6.10929,106.66892,P,0,3327,5,298
2021-01-09 07:34:50Z.420,0x8a030b,SJY182,0,0,P,0,3327,5,298
2021-01-09 07:34:50Z.780,0x8a030b,SJY182,-6.10928,106.6689,P,0,3327,5,298
2021-01-09 07:34:52Z.680,0x8a030b,SJY182,-6.10927,106.66889,P,0,3327,5,298
2021-01-09 07:34:52Z.788,0x8a030b,SJY182,-6.10926,106.66887,P,0,3327,5,298
2021-01-09 07:34:54Z.010,0x8a030b,SJY182,-6.10925,106.66885,P,0,3327,6,298
2021-01-09 07:34:54Z.258,0x8a030b,SJY182,-6.10925,106.66884,P,0,3327,6,298
2021-01-09 07:34:54Z.740,0x8a030b,SJY182,-6.10923,106.66882,P,0,3327,5,298
2021-01-09 07:34:55Z.974,0x8a030b,SJY182,0,0,P,0,3327,5,298
2021-01-09 07:34:56Z.320,0x8a030b,SJY182,-6.10922,106.66881,P,0,3327,5,295
2021-01-09 07:34:56Z.320,0x8a030b,SJY182,-6.10922,106.6688,P,0,3327,5,298
2021-01-09 07:34:58Z.642,0x8a030b,SJY182,0,0,P,0,3327,5,295
2021-01-09 07:35:01Z.082,0x8a030b,SJY182,0,0,P,0,3327,5,289
2021-01-09 07:35:01Z.584,0x8a030b,SJY182,-6.10918,106.66869,P,0,3327,5,286
2021-01-09 07:35:01Z.642,0x8a030b,SJY182,-6.10918,106.6687,P,0,3327,5,289
2021-01-09 07:35:03Z.892,0x8a030b,SJY182,-6.10917,106.66865,P,0,3327,5,284
2021-01-09 07:35:04Z.602,0x8a030b,SJY182,0,0,P,0,3327,5,281
2021-01-09 07:35:07Z.082,0x8a030b,SJY182,0,0,P,0,3327,5,270
2021-01-09 07:35:07Z.994,0x8a030b,SJY182,-6.10915,106.66854,P,0,3327,5,267
2021-01-09 07:35:09Z.574,0x8a030b,SJY182,-6.10915,106.66853,P,0,3327,5,264
2021-01-09 07:35:10Z.500,0x8a030b,SJY182,-6.10917,106.66848,P,0,3327,5,253
2021-01-09 07:35:10Z.620,0x8a030b,SJY182,0,0,P,0,3327,5,258
2021-01-09 07:35:12Z.424,0x8a030b,SJY182,0,0,P,0,3327,5,253
2021-01-09 07:35:13Z.082,0x8a030b,SJY182,0,0,P,0,3327,4,250
2021-01-09 07:35:16Z.130,0x8a030b,SJY182,-6.10919,106.66841,P,0,3327,3,247
2021-01-09 07:35:18Z.510,0x8a030b,SJY182,-6.1092,106.6684,P,0,3327,2,247
2021-01-09 07:35:20Z.128,0x8a030b,SJY182,0,0,P,0,3327,1,247
2021-01-09 07:35:22Z.532,0x8a030b,SJY182,0,0,P,0,3327,1,247
2021-01-09 07:35:22Z.648,0x8a030b,SJY182,0,0,P,0,3327,1,247
2021-01-09 07:35:25Z.180,0x8a030b,SJY182,0,0,P,0,3327,1,247
2021-01-09 07:35:28Z.678,0x8a030b,SJY182,0,0,P,0,3327,3,247
2021-01-09 07:35:29Z.240,0x8a030b,SJY182,0,0,P,0,3327,3,247
2021-01-09 07:35:31Z.138,0x8a030b,SJY182,0,0,P,0,3327,8,247
2021-01-09 07:35:31Z.584,0x8a030b,SJY182,-6.10926,106.66826,P,0,3327,8,247
2021-01-09 07:35:33Z.016,0x8a030b,SJY182,-6.10929,106.66816,P,0,3327,13,247
2021-01-09 07:35:33Z.464,0x8a030b,SJY182,-6.10931,106.66811,P,0,3327,17,247
2021-01-09 07:35:34Z.172,0x8a030b,SJY182,0,0,P,0,3327,17,247
2021-01-09 07:35:35Z.952,0x8a030b,SJY182,0,0,P,0,3327,17,247
2021-01-09 07:35:38Z.114,0x8a030b,SJY182,0,0,P,0,3327,32,247
2021-01-09 07:35:40Z.120,0x8a030b,SJY182,0,0,P,0,3327,47,247
2021-01-09 07:35:43Z.140,0x8a030b,SJY182,0,0,P,0,3327,57,247
2021-01-09 07:35:44Z.378,0x8a030b,SJY182,0,0,P,0,3327,17,247
2021-01-09 07:35:46Z.186,0x8a030b,SJY182,0,0,P,0,3327,76,247
2021-01-09 07:35:49Z.292,0x8a030b,SJY182,0,0,P,0,3327,90,247
2021-01-09 07:35:51Z.900,0x8a030b,SJY182,0,0,P,0,3327,105,247
2021-01-09 07:35:52Z.294,0x8a030b,SJY182,0,0,P,0,3327,105,247
2021-01-09 07:35:56Z.244,0x8a030b,SJY182,-6.112,106.66138,P,0,3327,120,247
2021-01-09 07:35:58Z.170,0x8a030b,SJY182,0,0,P,0,3327,130,247
2021-01-09 07:36:02Z.158,0x8a030b,SJY182,0,0,P,0,3327,140,247
2021-01-09 07:36:02Z.352,0x8a030b,SJY182,-6.11363,106.65732,P,0,3327,145,247
2021-01-09 07:36:08Z.192,0x8a030b,SJY182,0,0,P,0,3327,155,248
2021-01-09 07:36:10Z.224,0x8a030b,SJY182,0,0,P,325,3327,159,248
2021-01-09 07:36:10Z.798,0x8a030b,,0,0,N,350,0,160,248
2021-01-09 07:36:12Z.004,0x8a030b,,0,0,N,375,0,161,248
2021-01-09 07:36:12Z.122,0x8a030b,SJY182,0,0,P,375,3327,161,248
2021-01-09 07:36:12Z.974,0x8a030b,,0,0,N,375,3327,161,248
2021-01-09 07:36:13Z.418,0x8a030b,,0,0,N,425,3327,161,248
2021-01-09 07:36:14Z.190,0x8a030b,,0,0,N,450,3327,161,248
2021-01-09 07:36:14Z.274,0x8a030b,SJY182,-6.11655,106.64996,P,425,3327,161,248
2021-01-09 07:36:14Z.312,0x8a030b,,0,0,N,450,3327,161,248
2021-01-09 07:36:16Z.486,0x8a030b,,-6.11729,106.64808,P,525,3327,160,248
2021-01-09 07:36:16Z.808,0x8a030b,SJY182,0,0,P,550,3327,160,248
2021-01-09 07:36:17Z.794,0x8a030b,,0,0,P,625,3327,160,249
2021-01-09 07:36:18Z.014,0x8a030b,,-6.11769,106.64703,P,600,3327,160,248
2021-01-09 07:36:18Z.394,0x8a030b,SJY182,0,0,P,600,3327,160,248
2021-01-09 07:36:19Z.102,0x8a030b,,0,0,P,675,3327,160,249
2021-01-09 07:36:19Z.258,0x8a030b,SJY182,0,0,P,700,3327,160,249
2021-01-09 07:36:20Z.808,0x8a030b,,-6.11852,106.64475,P,775,3327,159,249
2021-01-09 07:36:21Z.318,0x8a030b,,-6.11852,106.64475,P,775,3327,159,249
2021-01-09 07:36:22Z.306,0x8a030b,SJY182,0,0,P,800,3327,159,249
2021-01-09 07:36:22Z.838,0x8a030b,SJY182,-6.11892,106.64372,P,850,3327,158,249
2021-01-09 07:36:23Z.068,0x8a030b,SJY182,0,0,P,875,3327,157,249
2021-01-09 07:36:23Z.656,0x8a030b,,0,0,N,900,3327,157,249
2021-01-09 07:36:23Z.856,0x8a030b,,0,0,N,875,3327,159,249
2021-01-09 07:36:23Z.990,0x8a030b,,0,0,P,950,3327,156,249
2021-01-09 07:36:24Z.330,0x8a030b,,0,0,P,950,3327,156,249
2021-01-09 07:36:24Z.544,0x8a030b,SJY182,0,0,P,950,3327,156,249
2021-01-09 07:36:25Z.324,0x8a030b,SJY182,-6.11971,106.64163,P,1025,3327,156,249
2021-01-09 07:36:26Z.582,0x8a030b,,0,0,P,1075,3327,154,249
2021-01-09 07:36:26Z.844,0x8a030b,SJY182,-6.12008,106.64059,P,1100,3327,154,249
2021-01-09 07:36:26Z.958,0x8a030b,,0,0,N,1075,3327,154,249
2021-01-09 07:36:27Z.260,0x8a030b,SJY182,-6.11994,106.64102,P,1075,3327,155,249
2021-01-09 07:36:28Z.302,0x8a030b,SJY182,-6.12046,106.63969,P,1175,3327,153,249
2021-01-09 07:36:28Z.458,0x8a030b,,0,0,N,1175,3327,153,249
2021-01-09 07:36:28Z.524,0x8a030b,SJY182,0,0,P,1200,3327,153,249
2021-01-09 07:36:28Z.828,0x8a030b,,0,0,N,1225,3327,153,248
2021-01-09 07:36:29Z.672,0x8a030b,,-6.12071,106.63903,P,1250,3327,153,248
2021-01-09 07:36:30Z.130,0x8a030b,SJY182,0,0,P,1300,3327,152,248
2021-01-09 07:36:30Z.616,0x8a030b,,0,0,P,1275,3327,152,248
2021-01-09 07:36:30Z.790,0x8a030b,,-6.12083,106.6387,P,1275,3327,152,248
2021-01-09 07:36:32Z.156,0x8a030b,SJY182,-6.12131,106.63749,P,1375,3327,151,248
2021-01-09 07:36:32Z.468,0x8a030b,SJY182,-6.12158,106.63689,P,1425,3327,151,247
2021-01-09 07:36:32Z.476,0x8a030b,SJY182,0,0,P,1375,3327,151,248
2021-01-09 07:36:32Z.632,0x8a030b,,-6.12158,106.63689,P,1425,3327,151,247
2021-01-09 07:36:32Z.830,0x8a030b,,0,0,P,1400,3327,151,247
2021-01-09 07:36:33Z.108,0x8a030b,SJY182,0,0,P,1450,3327,151,247
2021-01-09 07:36:34Z.100,0x8a030b,SJY182,0,0,P,1450,3327,151,247
2021-01-09 07:36:34Z.376,0x8a030b,SJY182,0,0,P,1500,3327,151,247
2021-01-09 07:36:34Z.542,0x8a030b,SJY182,-6.12208,106.63567,P,1525,3327,151,247
2021-01-09 07:36:35Z.466,0x8a030b,,0,0,P,1550,3327,151,247
2021-01-09 07:36:35Z.912,0x8a030b,SJY182,-6.12231,106.63498,P,1575,3327,151,247
2021-01-09 07:36:36Z.114,0x8a030b,SJY182,0,0,P,1600,3327,152,247
2021-01-09 07:36:36Z.126,0x8a030b,SJY182,0,0,P,1600,3327,152,247
2021-01-09 07:36:36Z.918,0x8a030b,SJY182,0,0,P,1625,3327,153,248
2021-01-09 07:36:38Z.058,0x8a030b,,-6.12297,106.6333,P,1650,3327,153,248
2021-01-09 07:36:38Z.286,0x8a030b,SJY182,0,0,P,1650,3327,153,248
2021-01-09 07:36:38Z.686,0x8a030b,SJY182,0,0,P,1700,3327,156,250
2021-01-09 07:36:38Z.994,0x8a030b,,-6.12297,106.6333,P,1650,3327,154,249
2021-01-09 07:36:39Z.114,0x8a030b,SJY182,-6.12325,106.63259,P,1700,3327,156,250
2021-01-09 07:36:40Z.126,0x8a030b,SJY182,-6.12325,106.63259,P,1700,3327,153,248
2021-01-09 07:36:40Z.246,0x8a030b,SJY182,0,0,P,1725,3327,157,251
2021-01-09 07:36:40Z.394,0x8a030b,SJY182,0,0,P,1700,3327,156,250
2021-01-09 07:36:40Z.710,0x8a030b,,-6.12355,106.63148,P,1750,3327,157,251
2021-01-09 07:36:41Z.084,0x8a030b,,-6.12355,106.63148,P,1750,3327,157,251
2021-01-09 07:36:41Z.612,0x8a030b,,0,0,N,1750,3327,159,252
2021-01-09 07:36:41Z.794,0x8a030b,SJY182,0,0,P,1775,3327,160,254
2021-01-09 07:36:42Z.060,0x8a030b,SJY182,0,0,P,1775,3327,160,254
2021-01-09 07:36:42Z.696,0x8a030b,SJY182,0,0,P,1775,3327,160,254
2021-01-09 07:36:43Z.218,0x8a030b,SJY182,0,0,P,1800,3327,160,254
2021-01-09 07:36:43Z.444,0x8a030b,SJY182,-6.12405,106.62939,P,1825,3327,162,256
2021-01-09 07:36:43Z.956,0x8a030b,SJY182,-6.12405,106.62939,P,1825,3327,162,256
2021-01-09 07:36:43Z.980,0x8a030b,,-6.12399,106.62984,P,1800,3327,162,256
2021-01-09 07:36:45Z.074,0x8a030b,,0,0,N,1850,3327,165,258
2021-01-09 07:36:45Z.086,0x8a030b,SJY182,0,0,P,1850,3327,167,261
2021-01-09 07:36:45Z.270,0x8a030b,SJY182,0,0,P,1850,3327,167,261
2021-01-09 07:36:45Z.316,0x8a030b,SJY182,0,0,P,1850,3327,167,261
2021-01-09 07:36:45Z.908,0x8a030b,SJY182,0,0,P,1850,3327,167,261
2021-01-09 07:36:46Z.168,0x8a030b,,0,0,P,1875,3327,167,261
2021-01-09 07:36:46Z.262,0x8a030b,SJY182,-6.12432,106.62719,P,1875,3327,169,263
2021-01-09 07:36:46Z.292,0x8a030b,SJY182,-6.12432,106.62719,P,1875,3327,169,263
2021-01-09 07:36:47Z.422,0x8a030b,SJY182,-6.12437,106.62629,P,1900,3327,171,265
2021-01-09 07:36:47Z.612,0x8a030b,,0,0,P,1900,3327,171,265
2021-01-09 07:36:47Z.830,0x8a030b,SJY182,-6.12437,106.62582,P,1925,3327,173,268
2021-01-09 07:36:47Z.998,0x8a030b,SJY182,-6.12437,106.62582,P,1925,3327,171,265
2021-01-09 07:36:48Z.060,0x8a030b,SJY182,0,0,P,1925,3327,173,268
2021-01-09 07:36:48Z.082,0x8a030b,SJY182,0,0,P,1925,3327,173,268
2021-01-09 07:36:49Z.800,0x8a030b,,-6.12427,106.62435,P,1950,3327,175,271
2021-01-09 07:36:50Z.378,0x8a030b,SJY182,-6.12427,106.62468,P,1950,3327,175,271
2021-01-09 07:36:50Z.390,0x8a030b,SJY182,-6.12427,106.62468,P,1950,3327,175,271
2021-01-09 07:36:50Z.828,0x8a030b,SJY182,0,0,P,1975,3327,180,276
2021-01-09 07:36:51Z.016,0x8a030b,SJY182,0,0,P,1975,3327,180,276
2021-01-09 07:36:51Z.442,0x8a030b,,0,0,P,1975,3327,182,278
2021-01-09 07:36:52Z.076,0x8a030b,SJY182,0,0,P,1975,3327,180,276
2021-01-09 07:36:52Z.100,0x8a030b,SJY182,0,0,P,1975,3327,180,276
2021-01-09 07:36:52Z.100,0x8a030b,,0,0,P,2000,3327,180,276
2021-01-09 07:36:52Z.304,0x8a030b,SJY182,0,0,P,2000,3327,182,278
2021-01-09 07:36:52Z.326,0x8a030b,SJY182,0,0,P,2000,3327,182,278
2021-01-09 07:36:52Z.830,0x8a030b,SJY182,-6.12395,106.62227,P,2000,3327,182,278
2021-01-09 07:36:53Z.436,0x8a030b,SJY182,-6.12385,106.62175,P,2000,3327,182,278
2021-01-09 07:36:53Z.998,0x8a030b,,-6.12362,106.6208,P,2025,3327,180,276
2021-01-09 07:36:54Z.078,0x8a030b,SJY182,-6.12362,106.6208,P,2025,3327,185,280
2021-01-09 07:36:54Z.326,0x8a030b,SJY182,0,0,P,2025,3327,187,283
2021-01-09 07:36:54Z.672,0x8a030b,SJY182,0,0,P,2025,3327,187,283
2021-01-09 07:36:55Z.188,0x8a030b,SJY182,0,0,P,2025,3327,187,283
2021-01-09 07:36:55Z.916,0x8a030b,SJY182,0,0,P,2050,3327,190,285
2021-01-09 07:36:56Z.062,0x8a030b,SJY182,0,0,P,2050,3327,193,287
2021-01-09 07:36:56Z.532,0x8a030b,SJY182,-6.12306,106.61909,P,2050,3327,193,287
2021-01-09 07:36:56Z.774,0x8a030b,SJY182,0,0,P,2075,3327,196,289
2021-01-09 07:36:57Z.708,0x8a030b,SJY182,0,0,P,2075,3327,199,290
2021-01-09 07:36:57Z.822,0x8a030b,SJY182,0,0,P,2075,3327,196,289
2021-01-09 07:36:58Z.178,0x8a030b,SJY182,0,0,P,2075,3327,196,289
2021-01-09 07:36:58Z.186,0x8a030b,SJY182,0,0,P,2075,3327,196,289
2021-01-09 07:36:58Z.582,0x8a030b,SJY182,0,0,P,2100,3327,201,292
2021-01-09 07:36:59Z.588,0x8a030b,SJY182,0,0,P,2125,3327,201,292
2021-01-09 07:36:59Z.836,0x8a030b,,0,0,N,2125,0,201,292
2021-01-09 07:37:00Z.156,0x8a030b,SJY182,0,0,P,2150,3327,202,293
2021-01-09 07:37:00Z.198,0x8a030b,SJY182,0,0,P,2150,3327,202,293
2021-01-09 07:37:00Z.774,0x8a030b,SJY182,0,0,P,2150,3327,202,293
2021-01-09 07:37:01Z.946,0x8a030b,SJY182,-6.12103,106.61436,P,2200,3327,204,294
2021-01-09 07:37:01Z.950,0x8a030b,SJY182,0,0,P,2200,3327,204,294
2021-01-09 07:37:02Z.084,0x8a030b,SJY182,0,0,P,2225,3327,204,295
2021-01-09 07:37:02Z.158,0x8a030b,SJY182,0,0,P,2225,3327,204,295
2021-01-09 07:37:02Z.766,0x8a030b,SJY182,-6.12041,106.61317,P,2275,3327,204,295
2021-01-09 07:37:03Z.064,0x8a030b,SJY182,-6.12059,106.61351,P,2250,3327,204,295
2021-01-09 07:37:03Z.422,0x8a030b,SJY182,-6.12041,106.61317,P,2275,3327,204,296
2021-01-09 07:37:04Z.160,0x8a030b,SJY182,0,0,P,2275,3327,204,296
2021-01-09 07:37:04Z.198,0x8a030b,SJY182,0,0,P,2275,3327,204,296
2021-01-09 07:37:04Z.460,0x8a030b,SJY182,0,0,P,2350,3327,205,296
2021-01-09 07:37:05Z.298,0x8a030b,SJY182,0,0,P,2400,3327,205,296
2021-01-09 07:37:05Z.364,0x8a030b,SJY182,-6.11957,106.61147,P,2375,3327,204,296
2021-01-09 07:37:05Z.728,0x8a030b,SJY182,0,0,P,2425,3327,205,296
2021-01-09 07:37:06Z.660,0x8a030b,SJY182,0,0,P,2450,3327,205,296
2021-01-09 07:37:06Z.682,0x8a030b,SJY182,0,0,P,2450,3327,205,296
2021-01-09 07:37:06Z.930,0x8a030b,SJY182,0,0,P,2500,3327,204,296
2021-01-09 07:37:08Z.006,0x8a030b,SJY182,0,0,P,2550,3327,205,296
2021-01-09 07:37:08Z.064,0x8a030b,SJY182,0,0,P,2525,3327,205,296
2021-01-09 07:37:08Z.232,0x8a030b,SJY182,0,0,P,2575,3327,205,296
2021-01-09 07:37:08Z.354,0x8a030b,SJY182,0,0,P,2550,3327,205,296
2021-01-09 07:37:08Z.396,0x8a030b,SJY182,-6.11829,106.60891,P,2550,3327,204,296
2021-01-09 07:37:08Z.778,0x8a030b,SJY182,-6.11785,106.60806,P,2600,3327,206,296
2021-01-09 07:37:08Z.786,0x8a030b,SJY182,0,0,P,2575,3327,205,296
2021-01-09 07:37:09Z.466,0x8a030b,,0,0,N,2650,3327,206,296
2021-01-09 07:37:10Z.270,0x8a030b,SJY182,0,0,P,2625,3327,206,296
2021-01-09 07:37:10Z.290,0x8a030b,SJY182,0,0,P,2625,3327,206,296
2021-01-09 07:37:10Z.644,0x8a030b,SJY182,0,0,P,2700,3327,207,295
2021-01-09 07:37:11Z.092,0x8a030b,SJY182,0,0,P,2725,3327,207,295
2021-01-09 07:37:11Z.260,0x8a030b,SJY182,0,0,P,2750,3327,207,295
2021-01-09 07:37:12Z.004,0x8a030b,SJY182,0,0,P,2750,3327,208,294
2021-01-09 07:37:12Z.302,0x8a030b,SJY182,0,0,P,2800,3327,208,294
2021-01-09 07:37:12Z.594,0x8a030b,SJY182,0,0,P,2800,3327,208,294
2021-01-09 07:37:13Z.308,0x8a030b,SJY182,0,0,P,2800,3327,208,294
2021-01-09 07:37:13Z.458,0x8a030b,SJY182,0,0,P,2850,3327,210,294
2021-01-09 07:37:14Z.148,0x8a030b,SJY182,-6.11594,106.60394,P,2850,3327,210,294
2021-01-09 07:37:14Z.254,0x8a030b,SJY182,-6.11613,106.60427,P,2850,3327,208,294
2021-01-09 07:37:14Z.280,0x8a030b,SJY182,0,0,P,2850,3327,210,294
2021-01-09 07:37:14Z.534,0x8a030b,SJY182,0,0,P,2925,3327,210,293
2021-01-09 07:37:14Z.764,0x8a030b,SJY182,0,0,P,2900,3327,210,294
2021-01-09 07:37:15Z.150,0x8a030b,SJY182,-6.11577,106.60351,P,2875,3327,210,294
2021-01-09 07:37:15Z.240,0x8a030b,,0,0,N,2925,3327,210,294
2021-01-09 07:37:15Z.268,0x8a030b,SJY182,0,0,P,2950,3327,210,293
2021-01-09 07:37:16Z.268,0x8a030b,SJY182,0,0,P,2950,3327,210,293
2021-01-09 07:37:17Z.074,0x8a030b,SJY182,0,0,P,3025,3327,213,292
2021-01-09 07:37:17Z.208,0x8a030b,SJY182,0,0,P,3000,3327,213,292
2021-01-09 07:37:17Z.784,0x8a030b,SJY182,0,0,P,3050,3327,213,292
2021-01-09 07:37:18Z.008,0x8a030b,SJY182,-6.1144,106.6003,P,3050,3327,213,292
2021-01-09 07:37:18Z.276,0x8a030b,SJY182,0,0,P,3075,3327,213,292
2021-01-09 07:37:18Z.290,0x8a030b,SJY182,0,0,P,3075,3327,215,291
2021-01-09 07:37:18Z.460,0x8a030b,SJY182,0,0,P,3100,3327,215,291
2021-01-09 07:37:18Z.730,0x8a030b,SJY182,-6.11421,106.59974,P,3075,3327,213,292
2021-01-09 07:37:19Z.510,0x8a030b,SJY182,0,0,P,3100,3327,215,291
2021-01-09 07:37:19Z.924,0x8a030b,SJY182,0,0,P,3125,3327,215,291
2021-01-09 07:37:20Z.306,0x8a030b,SJY182,-6.11361,106.59821,P,3150,3327,216,291
2021-01-09 07:37:20Z.346,0x8a030b,,0,0,N,3175,3327,216,291
2021-01-09 07:37:20Z.616,0x8a030b,SJY182,0,0,P,3150,3327,216,291
2021-01-09 07:37:20Z.934,0x8a030b,SJY182,0,0,P,3200,3327,217,290
2021-01-09 07:37:21Z.190,0x8a030b,SJY182,0,0,P,3175,3327,216,291
2021-01-09 07:37:21Z.764,0x8a030b,SJY182,0,0,P,3225,3327,218,290
2021-01-09 07:37:22Z.290,0x8a030b,SJY182,0,0,P,3225,3327,218,290
2021-01-09 07:37:22Z.386,0x8a030b,SJY182,-6.1127,106.59573,P,3300,3327,218,290
2021-01-09 07:37:23Z.396,0x8a030b,SJY182,-6.11236,106.5948,P,3350,3327,219,290
2021-01-09 07:37:23Z.422,0x8a030b,SJY182,-6.1127,106.59573,P,3300,3327,218,290
2021-01-09 07:37:23Z.526,0x8a030b,SJY182,-6.11236,106.5948,P,3350,3327,219,290
2021-01-09 07:37:23Z.948,0x8a030b,SJY182,0,0,P,3400,3327,219,289
2021-01-09 07:37:24Z.182,0x8a030b,SJY182,0,0,P,3350,3327,219,290
2021-01-09 07:37:24Z.284,0x8a030b,SJY182,0,0,P,3400,3327,219,289
2021-01-09 07:37:24Z.620,0x8a030b,SJY182,0,0,P,3425,3327,219,289
2021-01-09 07:37:24Z.808,0x8a030b,SJY182,-6.11222,106.59442,P,3375,3327,219,289
2021-01-09 07:37:25Z.144,0x8a030b,SJY182,0,0,P,3425,3327,219,289
2021-01-09 07:37:26Z.004,0x8a030b,SJY182,0,0,P,3475,3327,219,288
2021-01-09 07:37:26Z.360,0x8a030b,,0,0,P,3525,3327,219,288
2021-01-09 07:37:26Z.414,0x8a030b,SJY182,-6.11137,106.59192,P,3525,3327,219,288
2021-01-09 07:37:26Z.758,0x8a030b,SJY182,0,0,P,3525,3327,219,288
2021-01-09 07:37:27Z.330,0x8a030b,SJY182,-6.1111,106.59103,P,3575,3327,219,288
2021-01-09 07:37:27Z.454,0x8a030b,SJY182,0,0,P,3575,3327,219,288
2021-01-09 07:37:27Z.782,0x8a030b,SJY182,0,0,P,3575,3327,220,288
2021-01-09 07:37:27Z.800,0x8a030b,SJY182,0,0,P,3575,3327,220,288
2021-01-09 07:37:28Z.880,0x8a030b,SJY182,0,0,P,3675,3327,220,287
2021-01-09 07:37:28Z.884,0x8a030b,SJY182,0,0,P,3675,3327,220,287
2021-01-09 07:37:29Z.270,0x8a030b,SJY182,0,0,P,3700,3327,221,287
2021-01-09 07:37:29Z.480,0x8a030b,SJY182,0,0,P,3675,3327,220,287
2021-01-09 07:37:29Z.884,0x8a030b,SJY182,-6.11031,106.5886,P,3725,3327,221,287
2021-01-09 07:37:30Z.400,0x8a030b,SJY182,0,0,P,3775,3327,222,287
2021-01-09 07:37:30Z.428,0x8a030b,SJY182,0,0,P,3725,3327,221,287
2021-01-09 07:37:30Z.470,0x8a030b,SJY182,0,0,P,3750,3327,221,287
2021-01-09 07:37:31Z.430,0x8a030b,SJY182,0,0,P,3775,3327,222,287
2021-01-09 07:37:32Z.144,0x8a030b,,0,0,N,3875,0,201,292
2021-01-09 07:37:32Z.358,0x8a030b,SJY182,-6.10968,106.58652,P,3850,3327,222,287
2021-01-09 07:37:32Z.366,0x8a030b,,-6.10982,106.58712,P,3825,3327,221,287
2021-01-09 07:37:32Z.952,0x8a030b,SJY182,0,0,P,3925,3327,223,287
2021-01-09 07:37:33Z.264,0x8a030b,SJY182,-6.10941,106.58563,P,3900,3327,223,287
2021-01-09 07:37:33Z.288,0x8a030b,SJY182,0,0,P,3875,3327,222,287
2021-01-09 07:37:33Z.906,0x8a030b,SJY182,-6.10922,106.58512,P,3925,3327,223,287
2021-01-09 07:37:34Z.280,0x8a030b,SJY182,-6.1091,106.58462,P,3950,3327,224,286
2021-01-09 07:37:34Z.286,0x8a030b,SJY182,-6.10922,106.58512,P,3925,3327,223,287
2021-01-09 07:37:34Z.456,0x8a030b,SJY182,0,0,P,4000,3327,224,286
2021-01-09 07:37:34Z.758,0x8a030b,SJY182,-6.10876,106.58363,P,4000,3327,224,286
2021-01-09 07:37:34Z.832,0x8a030b,SJY182,0,0,P,3975,3327,224,286
2021-01-09 07:37:35Z.320,0x8a030b,SJY182,0,0,P,4025,3327,224,286
2021-01-09 07:37:36Z.242,0x8a030b,SJY182,0,0,P,4025,3327,224,286
2021-01-09 07:37:36Z.266,0x8a030b,SJY182,0,0,P,4100,3327,225,286
2021-01-09 07:37:36Z.414,0x8a030b,SJY182,-6.10844,106.58251,P,4075,3327,225,286
2021-01-09 07:37:36Z.488,0x8a030b,SJY182,-6.10826,106.58192,P,4100,3327,225,286
2021-01-09 07:37:36Z.502,0x8a030b,SJY182,0,0,P,4075,3327,225,286
2021-01-09 07:37:36Z.856,0x8a030b,,0,0,P,4100,3327,222,287
2021-01-09 07:37:37Z.540,0x8a030b,,0,0,N,4100,3327,223,287
2021-01-09 07:37:38Z.096,0x8a030b,,0,0,N,3875,3327,201,292
2021-01-09 07:37:38Z.488,0x8a030b,SJY182,-6.10794,106.58088,P,4175,3327,225,286
2021-01-09 07:37:38Z.638,0x8a030b,SJY182,-6.1078,106.58028,P,4200,3327,225,286
2021-01-09 07:37:38Z.846,0x8a030b,SJY182,0,0,P,4250,3327,226,286
2021-01-09 07:37:39Z.296,0x8a030b,SJY182,0,0,P,4225,3327,225,286
2021-01-09 07:37:39Z.482,0x8a030b,SJY182,0,0,P,4300,3327,226,286
2021-01-09 07:37:39Z.488,0x8a030b,SJY182,0,0,P,4275,3327,226,286
2021-01-09 07:37:39Z.872,0x8a030b,SJY182,-6.10725,106.57851,P,4325,3327,225,286
2021-01-09 07:37:39Z.952,0x8a030b,SJY182,-6.10735,106.57888,P,4300,3327,226,286
2021-01-09 07:37:40Z.192,0x8a030b,SJY182,-6.10735,106.57888,P,4300,3327,226,286
2021-01-09 07:37:40Z.564,0x8a030b,SJY182,-6.10705,106.5779,P,4350,3327,225,286
2021-01-09 07:37:40Z.946,0x8a030b,SJY182,-6.10693,106.57739,P,4400,3327,225,286
2021-01-09 07:37:41Z.728,0x8a030b,,-6.10675,106.57688,P,4425,3327,225,286
2021-01-09 07:37:41Z.976,0x8a030b,SJY182,-6.10675,106.57688,P,4425,3327,225,286
2021-01-09 07:37:42Z.082,0x8a030b,,0,0,N,4425,3327,225,286
2021-01-09 07:37:42Z.462,0x8a030b,SJY182,-6.10675,106.57688,P,4425,3327,225,286
2021-01-09 07:37:42Z.472,0x8a030b,SJY182,-6.10644,106.57586,P,4500,3327,225,286
2021-01-09 07:37:42Z.474,0x8a030b,SJY182,0,0,P,4475,3327,225,286
2021-01-09 07:37:42Z.560,0x8a030b,SJY182,-6.10644,106.57586,P,4500,3327,225,286
2021-01-09 07:37:42Z.854,0x8a030b,,0,0,P,4475,3327,225,286
2021-01-09 07:37:42Z.954,0x8a030b,SJY182,-6.10629,106.57539,P,4525,3327,225,286
2021-01-09 07:37:43Z.994,0x8a030b,SJY182,-6.10602,106.57439,P,4600,3327,225,286
2021-01-09 07:37:44Z.472,0x8a030b,SJY182,0,0,P,4650,3327,225,286
2021-01-09 07:37:44Z.564,0x8a030b,SJY182,-6.10583,106.57376,P,4650,3327,225,286
2021-01-09 07:37:44Z.980,0x8a030b,SJY182,-6.1057,106.57326,P,4675,3327,225,286
2021-01-09 07:37:45Z.090,0x8a030b,SJY182,-6.10583,106.57376,P,4650,3327,225,286
2021-01-09 07:37:45Z.756,0x8a030b,SJY182,0,0,P,4700,3327,225,286
2021-01-09 07:37:45Z.858,0x8a030b,SJY182,0,0,P,4700,3327,225,286
2021-01-09 07:37:46Z.202,0x8a030b,SJY182,-6.10551,106.57264,P,4725,3327,225,286
2021-01-09 07:37:46Z.264,0x8a030b,SJY182,-6.10538,106.57217,P,4750,3327,225,286
2021-01-09 07:37:46Z.682,0x8a030b,SJY182,-6.10519,106.57165,P,4775,3327,225,286
2021-01-09 07:37:47Z.284,0x8a030b,SJY182,0,0,P,4825,3327,225,286
2021-01-09 07:37:47Z.670,0x8a030b,SJY182,-6.10492,106.57064,P,4850,3327,225,286
2021-01-09 07:37:47Z.684,0x8a030b,SJY182,0,0,P,4825,3327,225,286
2021-01-09 07:37:47Z.698,0x8a030b,,-6.10551,106.57264,P,4725,3327,225,286
2021-01-09 07:37:48Z.460,0x8a030b,SJY182,0,0,P,4875,3327,226,286
2021-01-09 07:37:48Z.880,0x8a030b,SJY182,-6.10453,106.56947,P,4925,3327,226,286
2021-01-09 07:37:49Z.362,0x8a030b,SJY182,-6.10472,106.57004,P,4900,3327,226,286
2021-01-09 07:37:49Z.460,0x8a030b,SJY182,0,0,P,4900,3327,226,286
2021-01-09 07:37:50Z.358,0x8a030b,SJY182,-6.10423,106.56845,P,5000,3327,226,286
2021-01-09 07:37:50Z.406,0x8a030b,SJY182,0,0,P,5025,3327,226,286
2021-01-09 07:37:50Z.854,0x8a030b,SJY182,-6.10423,106.56845,P,5000,3327,226,286
2021-01-09 07:37:51Z.304,0x8a030b,SJY182,-6.10382,106.56701,P,5075,3327,226,286
2021-01-09 07:37:51Z.560,0x8a030b,SJY182,-6.104,106.56752,P,5050,3327,226,286
2021-01-09 07:37:51Z.936,0x8a030b,SJY182,0,0,P,5075,3327,226,286
2021-01-09 07:37:51Z.986,0x8a030b,SJY182,-6.10382,106.56701,P,5075,3327,226,286
2021-01-09 07:37:52Z.258,0x8a030b,SJY182,-6.1037,106.56653,P,5125,3327,227,286
2021-01-09 07:37:52Z.732,0x8a030b,SJY182,-6.10342,106.56558,P,5175,3327,227,286
2021-01-09 07:37:52Z.784,0x8a030b,SJY182,-6.10342,106.56558,P,5175,3327,227,286
2021-01-09 07:37:53Z.194,0x8a030b,SJY182,-6.10327,106.5651,P,5200,3327,227,286
2021-01-09 07:37:53Z.774,0x8a030b,SJY182,0,0,P,5225,3327,227,286
2021-01-09 07:37:54Z.072,0x8a030b,SJY182,0,0,P,5275,3327,227,286
2021-01-09 07:37:54Z.494,0x8a030b,SJY182,0,0,P,5300,3327,228,287
2021-01-09 07:37:54Z.920,0x8a030b,,0,0,P,5200,3327,227,286
2021-01-09 07:37:55Z.070,0x8a030b,SJY182,0,0,P,5275,3327,227,286
2021-01-09 07:37:55Z.612,0x8a030b,SJY182,0,0,P,5325,3327,228,287
2021-01-09 07:37:55Z.870,0x8a030b,SJY182,-6.10272,106.56335,P,5325,3327,228,287
2021-01-09 07:37:56Z.052,0x8a030b,SJY182,-6.10236,106.56217,P,5400,3327,228,286
2021-01-09 07:37:56Z.266,0x8a030b,SJY182,0,0,P,5400,3327,228,286
2021-01-09 07:37:56Z.282,0x8a030b,SJY182,0,0,P,5400,3327,228,286
2021-01-09 07:37:57Z.088,0x8a030b,SJY182,0,0,P,5450,3327,228,286
2021-01-09 07:37:57Z.150,0x8a030b,SJY182,0,0,P,5450,3327,228,286
2021-01-09 07:37:57Z.906,0x8a030b,SJY182,0,0,P,5450,3327,228,286
2021-01-09 07:37:58Z.060,0x8a030b,SJY182,0,0,P,5525,3327,228,286
2021-01-09 07:37:58Z.182,0x8a030b,SJY182,-6.10185,106.56054,P,5475,3327,228,286
2021-01-09 07:37:58Z.188,0x8a030b,SJY182,0,0,P,5450,3327,228,286
2021-01-09 07:37:58Z.342,0x8a030b,SJY182,-6.1017,106.5599,P,5525,3327,228,286
2021-01-09 07:37:58Z.946,0x8a030b,SJY182,0,0,P,5575,3327,228,286
2021-01-09 07:37:59Z.108,0x8a030b,,0,0,P,5450,3327,228,286
2021-01-09 07:38:00Z.014,0x8a030b,SJY182,0,0,P,5600,3327,229,286
2021-01-09 07:38:00Z.086,0x8a030b,SJY182,0,0,P,5650,3327,229,286
2021-01-09 07:38:00Z.656,0x8a030b,SJY182,0,0,P,5650,3327,229,286
2021-01-09 07:38:00Z.740,0x8a030b,SJY182,-6.10094,106.55737,P,5675,3327,229,286
2021-01-09 07:38:01Z.372,0x8a030b,SJY182,-6.10103,106.55775,P,5650,3327,229,286
2021-01-09 07:38:01Z.592,0x8a030b,SJY182,0,0,P,5675,3327,229,286
2021-01-09 07:38:02Z.100,0x8a030b,SJY182,0,0,P,5750,3327,230,286
2021-01-09 07:38:02Z.208,0x8a030b,SJY182,0,0,P,5775,3327,230,286
2021-01-09 07:38:02Z.458,0x8a030b,SJY182,-6.10057,106.55626,P,5750,3327,230,286
2021-01-09 07:38:02Z.664,0x8a030b,SJY182,0,0,P,5800,3327,230,286
2021-01-09 07:38:03Z.072,0x8a030b,SJY182,0,0,P,5825,3327,230,286
2021-01-09 07:38:03Z.114,0x8a030b,SJY182,-6.10043,106.55569,P,5775,3327,230,286
2021-01-09 07:38:03Z.302,0x8a030b,SJY182,0,0,P,5825,3327,230,286
2021-01-09 07:38:04Z.080,0x8a030b,SJY182,0,0,P,5875,3327,231,287
2021-01-09 07:38:04Z.142,0x8a030b,SJY182,-6.10007,106.5545,P,5850,3327,230,286
2021-01-09 07:38:04Z.154,0x8a030b,SJY182,0,0,P,5825,3327,230,286
2021-01-09 07:38:04Z.600,0x8a030b,SJY182,0,0,P,5850,3327,231,287
2021-01-09 07:38:05Z.046,0x8a030b,SJY182,0,0,P,5950,3327,231,287
2021-01-09 07:38:05Z.554,0x8a030b,SJY182,0,0,P,5975,3327,231,287
2021-01-09 07:38:06Z.590,0x8a030b,SJY182,-6.09906,106.55141,P,6050,3327,231,287
2021-01-09 07:38:06Z.612,0x8a030b,SJY182,-6.09941,106.55242,P,5975,3327,231,287
2021-01-09 07:38:06Z.644,0x8a030b,SJY182,0,0,P,6000,3327,231,287
2021-01-09 07:38:06Z.672,0x8a030b,SJY182,0,0,P,6025,3327,231,287
2021-01-09 07:38:07Z.076,0x8a030b,SJY182,0,0,P,6075,3327,231,288
2021-01-09 07:38:07Z.452,0x8a030b,SJY182,0,0,P,6100,3327,232,289
2021-01-09 07:38:07Z.742,0x8a030b,SJY182,0,0,P,6075,3327,231,288
2021-01-09 07:38:08Z.130,0x8a030b,SJY182,0,0,P,6150,3327,232,289
2021-01-09 07:38:08Z.560,0x8a030b,SJY182,0,0,P,6150,3327,232,289
2021-01-09 07:38:08Z.580,0x8a030b,SJY182,0,0,P,6150,3327,232,289
2021-01-09 07:38:08Z.732,0x8a030b,SJY182,-6.09824,106.54918,P,6200,3327,232,289
2021-01-09 07:38:08Z.782,0x8a030b,SJY182,-6.09862,106.55019,P,6125,3327,232,289
2021-01-09 07:38:10Z.132,0x8a030b,SJY182,-6.09805,106.54867,P,6225,3327,231,290
2021-01-09 07:38:10Z.144,0x8a030b,SJY182,0,0,P,6225,3327,231,290
2021-01-09 07:38:10Z.246,0x8a030b,SJY182,-6.09787,106.54829,P,6250,3327,232,291
2021-01-09 07:38:10Z.558,0x8a030b,SJY182,0,0,P,6275,3327,232,291
2021-01-09 07:38:10Z.668,0x8a030b,SJY182,-6.09746,106.5473,P,6325,3327,232,293
2021-01-09 07:38:11Z.702,0x8a030b,SJY182,0,0,P,6400,3327,233,294
2021-01-09 07:38:12Z.076,0x8a030b,SJY182,0,0,P,6350,3327,232,293
2021-01-09 07:38:12Z.246,0x8a030b,SJY182,0,0,P,6425,3327,233,294
2021-01-09 07:38:12Z.670,0x8a030b,SJY182,0,0,P,6450,3327,234,295
2021-01-09 07:38:12Z.716,0x8a030b,SJY182,0,0,P,6450,3327,234,295
2021-01-09 07:38:13Z.080,0x8a030b,SJY182,0,0,P,6475,3327,234,295
2021-01-09 07:38:13Z.162,0x8a030b,SJY182,0,0,P,6425,3327,233,294
2021-01-09 07:38:13Z.572,0x8a030b,SJY182,-6.09613,106.54457,P,6500,3327,234,295
2021-01-09 07:38:13Z.966,0x8a030b,SJY182,0,0,P,6500,3327,234,295
2021-01-09 07:38:14Z.054,0x8a030b,SJY182,-6.09613,106.54457,P,6500,3327,234,295
2021-01-09 07:38:14Z.054,0x8a030b,SJY182,0,0,P,6550,3327,234,297
2021-01-09 07:38:14Z.104,0x8a030b,SJY182,-6.09613,106.54457,P,6500,3327,234,295
2021-01-09 07:38:14Z.952,0x8a030b,SJY182,0,0,P,6600,3327,235,298
2021-01-09 07:38:15Z.126,0x8a030b,SJY182,0,0,P,6600,3327,235,298
2021-01-09 07:38:15Z.560,0x8a030b,SJY182,0,0,P,6625,3327,236,300
2021-01-09 07:38:16Z.156,0x8a030b,SJY182,0,0,P,6600,3327,235,298
2021-01-09 07:38:16Z.588,0x8a030b,SJY182,-6.09471,106.54211,P,6650,3327,236,300
2021-01-09 07:38:17Z.068,0x8a030b,SJY182,-6.09471,106.54211,P,6650,3327,236,300
2021-01-09 07:38:17Z.070,0x8a030b,SJY182,0,0,P,6725,3327,236,300
2021-01-09 07:38:18Z.176,0x8a030b,SJY182,0,0,P,6775,3327,237,303
2021-01-09 07:38:18Z.206,0x8a030b,SJY182,0,0,P,6725,3327,237,303
2021-01-09 07:38:18Z.352,0x8a030b,SJY182,0,0,P,6775,3327,237,303
2021-01-09 07:38:18Z.780,0x8a030b,SJY182,0,0,P,6775,3327,237,303
2021-01-09 07:38:18Z.828,0x8a030b,SJY182,-6.09315,106.53983,P,6800,3327,237,303
2021-01-09 07:38:19Z.082,0x8a030b,SJY182,0,0,P,6825,3327,238,305
2021-01-09 07:38:19Z.178,0x8a030b,SJY182,-6.09315,106.53983,P,6800,3327,237,303
2021-01-09 07:38:19Z.594,0x8a030b,SJY182,0,0,P,6825,3327,238,305
2021-01-09 07:38:19Z.644,0x8a030b,SJY182,0,0,P,6800,3327,237,303
2021-01-09 07:38:20Z.016,0x8a030b,SJY182,-6.09288,106.53945,P,6825,3327,238,305
2021-01-09 07:38:20Z.082,0x8a030b,SJY182,-6.09215,106.53848,P,6900,3327,237,307
2021-01-09 07:38:21Z.414,0x8a030b,SJY182,-6.09155,106.53783,P,6950,3327,238,309
2021-01-09 07:38:21Z.808,0x8a030b,SJY182,0,0,P,6975,3327,238,309
2021-01-09 07:38:22Z.316,0x8a030b,SJY182,0,0,P,6975,3327,238,310
2021-01-09 07:38:22Z.408,0x8a030b,SJY182,0,0,P,6975,3327,238,310
2021-01-09 07:38:22Z.558,0x8a030b,SJY182,0,0,P,7025,3327,238,310
2021-01-09 07:38:22Z.584,0x8a030b,SJY182,0,0,P,7025,3327,238,310
2021-01-09 07:38:24Z.086,0x8a030b,SJY182,0,0,P,7125,3327,238,313
2021-01-09 07:38:24Z.096,0x8a030b,SJY182,0,0,P,7075,3327,238,312
2021-01-09 07:38:24Z.216,0x8a030b,SJY182,0,0,P,7150,3327,238,313
2021-01-09 07:38:24Z.316,0x8a030b,SJY182,-6.0889,106.53498,P,7175,3327,238,313
2021-01-09 07:38:24Z.832,0x8a030b,SJY182,-6.08941,106.53547,P,7125,3327,238,313
2021-01-09 07:38:24Z.832,0x8a030b,SJY182,0,0,P,7150,3327,238,313
2021-01-09 07:38:24Z.888,0x8a030b,SJY182,-6.08941,106.53547,P,7125,3327,238,313
2021-01-09 07:38:25Z.156,0x8a030b,SJY182,0,0,P,7225,3327,239,315
2021-01-09 07:38:25Z.242,0x8a030b,SJY182,-6.0889,106.53498,P,7175,3327,238,313
2021-01-09 07:38:25Z.466,0x8a030b,SJY182,-6.0889,106.53498,P,7175,3327,238,313
2021-01-09 07:38:26Z.086,0x8a030b,SJY182,0,0,P,7225,3327,239,315
2021-01-09 07:38:26Z.458,0x8a030b,SJY182,-6.08725,106.53349,P,7300,3327,239,316
2021-01-09 07:38:26Z.856,0x8a030b,SJY182,-6.08684,106.53314,P,7325,3327,239,318
2021-01-09 07:38:27Z.056,0x8a030b,SJY182,0,0,P,7300,3327,239,316
2021-01-09 07:38:28Z.246,0x8a030b,SJY182,-6.08652,106.53284,P,7350,3327,239,318
2021-01-09 07:38:28Z.376,0x8a030b,SJY182,-6.08556,106.53205,P,7425,3327,239,319
2021-01-09 07:38:28Z.580,0x8a030b,SJY182,0,0,P,7350,3327,239,319
2021-01-09 07:38:28Z.594,0x8a030b,SJY182,0,0,P,7400,3327,239,319
2021-01-09 07:38:28Z.682,0x8a030b,SJY182,0,0,P,7425,3327,239,319
2021-01-09 07:38:29Z.130,0x8a030b,SJY182,0,0,P,7475,3327,240,321
2021-01-09 07:38:29Z.530,0x8a030b,SJY182,0,0,P,7425,3327,239,315
2021-01-09 07:38:29Z.802,0x8a030b,SJY182,0,0,P,7475,3327,241,323
2021-01-09 07:38:29Z.876,0x8a030b,SJY182,0,0,P,7475,3327,241,323
2021-01-09 07:38:30Z.128,0x8a030b,SJY182,0,0,P,7525,3327,242,324
2021-01-09 07:38:30Z.168,0x8a030b,SJY182,0,0,P,7525,3327,241,323
2021-01-09 07:38:30Z.744,0x8a030b,SJY182,-6.08336,106.53046,P,7550,3327,242,324
2021-01-09 07:38:30Z.850,0x8a030b,SJY182,0,0,P,7500,3327,241,323
2021-01-09 07:38:31Z.096,0x8a030b,SJY182,0,0,P,7575,3327,242,324
2021-01-09 07:38:31Z.872,0x8a030b,SJY182,0,0,P,7625,3327,242,326
2021-01-09 07:38:32Z.096,0x8a030b,SJY182,0,0,P,7650,3327,242,326
2021-01-09 07:38:32Z.160,0x8a030b,SJY182,0,0,P,7575,3327,242,324
2021-01-09 07:38:33Z.744,0x8a030b,SJY182,-6.08047,106.52869,P,7750,3327,244,329
2021-01-09 07:38:33Z.816,0x8a030b,SJY182,-6.08047,106.52869,P,7750,3327,244,329
2021-01-09 07:38:33Z.842,0x8a030b,SJY182,-6.08135,106.52921,P,7700,3327,243,328
2021-01-09 07:38:34Z.136,0x8a030b,SJY182,-6.08047,106.52869,P,7750,3327,244,329
2021-01-09 07:38:34Z.150,0x8a030b,SJY182,0,0,P,7750,3327,244,329
2021-01-09 07:38:34Z.610,0x8a030b,SJY182,0,0,P,7750,3327,244,329
2021-01-09 07:38:34Z.892,0x8a030b,SJY182,0,0,P,7800,3327,245,331
2021-01-09 07:38:35Z.146,0x8a030b,SJY182,0,0,P,7825,3327,245,331
2021-01-09 07:38:35Z.644,0x8a030b,SJY182,0,0,P,7775,3327,245,331
2021-01-09 07:38:35Z.952,0x8a030b,SJY182,0,0,P,7800,3327,245,331
2021-01-09 07:38:36Z.360,0x8a030b,SJY182,-6.07855,106.52767,P,7850,3327,245,332
2021-01-09 07:38:36Z.590,0x8a030b,SJY182,-6.07753,106.52718,P,7900,3327,245,332
2021-01-09 07:38:36Z.696,0x8a030b,SJY182,-6.07855,106.52767,P,7850,3327,245,332
2021-01-09 07:38:37Z.054,0x8a030b,SJY182,0,0,P,7900,3327,246,334
2021-01-09 07:38:37Z.148,0x8a030b,SJY182,0,0,P,7925,3327,246,334
2021-01-09 07:38:37Z.706,0x8a030b,SJY182,-6.07753,106.52718,P,7900,3327,245,332
2021-01-09 07:38:37Z.712,0x8a030b,SJY182,-6.07753,106.52718,P,7900,3327,245,332
2021-01-09 07:38:38Z.088,0x8a030b,SJY182,0,0,P,7975,3327,247,335
2021-01-09 07:38:38Z.336,0x8a030b,SJY182,-6.07581,106.52647,P,8000,3327,247,335
2021-01-09 07:38:39Z.056,0x8a030b,SJY182,0,0,P,8025,3327,248,336
2021-01-09 07:38:40Z.248,0x8a030b,SJY182,0,0,P,8100,3327,249,338
2021-01-09 07:38:40Z.354,0x8a030b,SJY182,-6.07411,106.52576,P,8075,3327,249,338
2021-01-09 07:38:40Z.578,0x8a030b,SJY182,0,0,P,8075,3327,249,338
2021-01-09 07:38:40Z.766,0x8a030b,SJY182,-6.07411,106.52576,P,8075,3327,249,338
2021-01-09 07:38:40Z.832,0x8a030b,SJY182,0,0,P,8075,3327,249,338
2021-01-09 07:38:41Z.164,0x8a030b,SJY182,0,0,P,8075,3327,249,338
2021-01-09 07:38:41Z.654,0x8a030b,SJY182,-6.07344,106.52552,P,8100,3327,249,338
2021-01-09 07:38:41Z.660,0x8a030b,SJY182,0,0,P,8125,3327,250,339
2021-01-09 07:38:42Z.052,0x8a030b,SJY182,0,0,P,8175,3327,251,341
2021-01-09 07:38:42Z.298,0x8a030b,SJY182,0,0,P,8175,3327,251,341
2021-01-09 07:38:42Z.328,0x8a030b,SJY182,0,0,P,8125,3327,250,339
2021-01-09 07:38:42Z.658,0x8a030b,SJY182,0,0,P,8175,3327,251,342
2021-01-09 07:38:42Z.708,0x8a030b,SJY182,-6.07091,106.5247,P,8200,3327,251,342
2021-01-09 07:38:43Z.138,0x8a030b,SJY182,0,0,P,8225,3327,251,342
2021-01-09 07:38:43Z.242,0x8a030b,SJY182,0,0,P,8225,3327,251,342
2021-01-09 07:38:43Z.864,0x8a030b,SJY182,-6.06976,106.52438,P,8250,3327,252,343
2021-01-09 07:38:44Z.134,0x8a030b,SJY182,0,0,P,8275,3327,252,343
2021-01-09 07:38:45Z.460,0x8a030b,SJY182,-6.06807,106.52395,P,8325,3327,253,345
2021-01-09 07:38:46Z.048,0x8a030b,SJY182,0,0,P,8300,3327,253,345
2021-01-09 07:38:46Z.332,0x8a030b,,0,0,N,8325,0,253,345
2021-01-09 07:38:46Z.336,0x8a030b,SJY182,-6.06748,106.52382,P,8325,3327,254,346
2021-01-09 07:38:46Z.428,0x8a030b,SJY182,-6.06807,106.52395,P,8325,3327,253,345
2021-01-09 07:38:46Z.478,0x8a030b,SJY182,0,0,P,8325,3327,254,346
2021-01-09 07:38:46Z.522,0x8a030b,SJY182,0,0,P,8375,3327,255,347
2021-01-09 07:38:46Z.532,0x8a030b,SJY182,0,0,P,8300,3327,252,343
2021-01-09 07:38:46Z.668,0x8a030b,SJY182,0,0,P,8350,3327,254,346
2021-01-09 07:38:46Z.782,0x8a030b,SJY182,-6.06692,106.52367,P,8350,3327,254,346
2021-01-09 07:38:48Z.150,0x8a030b,SJY182,0,0,P,8400,3327,255,347
2021-01-09 07:38:48Z.372,0x8a030b,SJY182,-6.06573,106.52344,P,8400,3327,255,347
2021-01-09 07:38:48Z.592,0x8a030b,SJY182,0,0,P,8425,3327,255,348
2021-01-09 07:38:48Z.922,0x8a030b,SJY182,0,0,P,8475,3327,255,349
2021-01-09 07:38:49Z.066,0x8a030b,SJY182,0,0,P,8475,3327,255,349
2021-01-09 07:38:49Z.456,0x8a030b,SJY182,-6.06385,106.52311,P,8475,3327,255,349
2021-01-09 07:38:49Z.772,0x8a030b,SJY182,0,0,P,8475,3327,255,349
2021-01-09 07:38:49Z.892,0x8a030b,,0,0,N,8475,0,255,348
2021-01-09 07:38:50Z.152,0x8a030b,SJY182,0,0,P,8475,3327,255,349
2021-01-09 07:38:50Z.208,0x8a030b,SJY182,0,0,P,8500,3327,256,351
2021-01-09 07:38:50Z.794,0x8a030b,SJY182,0,0,P,8550,3327,257,352
2021-01-09 07:38:51Z.126,0x8a030b,SJY182,0,0,P,8525,3327,256,351
2021-01-09 07:38:51Z.326,0x8a030b,SJY182,0,0,P,8575,3327,257,352
2021-01-09 07:38:52Z.042,0x8a030b,SJY182,0,0,P,8575,3327,257,352
2021-01-09 07:38:52Z.236,0x8a030b,SJY182,0,0,P,8600,3327,258,353
2021-01-09 07:38:52Z.260,0x8a030b,,0,0,P,8625,3327,258,353
2021-01-09 07:38:52Z.592,0x8a030b,SJY182,0,0,P,8625,3327,258,353
2021-01-09 07:38:52Z.762,0x8a030b,SJY182,0,0,P,8625,3327,258,353
2021-01-09 07:38:52Z.924,0x8a030b,SJY182,0,0,P,8600,3327,258,353
2021-01-09 07:38:53Z.092,0x8a030b,SJY182,-6.06006,106.52264,P,8600,3327,258,353
2021-01-09 07:38:53Z.130,0x8a030b,SJY182,0,0,P,8600,3327,258,353
2021-01-09 07:38:53Z.664,0x8a030b,SJY182,0,0,P,8650,3327,258,355
2021-01-09 07:38:54Z.070,0x8a030b,SJY182,-6.05775,106.52254,P,8700,3327,260,357
2021-01-09 07:38:54Z.080,0x8a030b,SJY182,0,0,P,8700,3327,260,357
2021-01-09 07:38:55Z.046,0x8a030b,SJY182,0,0,P,8750,3327,261,358
2021-01-09 07:38:55Z.242,0x8a030b,SJY182,0,0,P,8750,3327,261,358
2021-01-09 07:38:55Z.460,0x8a030b,SJY182,0,0,P,8750,3327,261,358
2021-01-09 07:38:55Z.908,0x8a030b,SJY182,0,0,P,8750,3327,261,358
2021-01-09 07:38:56Z.160,0x8a030b,SJY182,0,0,P,8800,3327,262,359
2021-01-09 07:38:56Z.242,0x8a030b,SJY182,0,0,P,8750,3327,261,358
2021-01-09 07:38:56Z.262,0x8a030b,,0,0,P,8750,3327,261,358
2021-01-09 07:38:56Z.760,0x8a030b,SJY182,0,0,P,8800,3327,262,359
2021-01-09 07:38:57Z.060,0x8a030b,SJY182,0,0,P,8850,3327,263,0
2021-01-09 07:38:57Z.536,0x8a030b,SJY182,-6.05426,106.52254,P,8825,3327,263,0
2021-01-09 07:38:57Z.748,0x8a030b,SJY182,-6.05314,106.52258,P,8875,3327,263,2
2021-01-09 07:38:57Z.962,0x8a030b,SJY182,0,0,P,8900,3327,263,2
2021-01-09 07:38:58Z.062,0x8a030b,SJY182,0,0,P,8900,3327,263,2
2021-01-09 07:38:58Z.412,0x8a030b,SJY182,-6.05314,106.52258,P,8875,3327,263,2
2021-01-09 07:38:58Z.760,0x8a030b,SJY182,0,0,P,8900,3327,264,3
2021-01-09 07:38:58Z.818,0x8a030b,SJY182,-6.05191,106.52264,P,8925,3327,264,3
2021-01-09 07:38:59Z.232,0x8a030b,SJY182,-6.05254,106.52263,P,8900,3327,263,2
2021-01-09 07:38:59Z.244,0x8a030b,SJY182,0,0,P,8900,3327,264,3
2021-01-09 07:38:59Z.546,0x8a030b,SJY182,-6.05191,106.52264,P,8925,3327,263,2
2021-01-09 07:39:00Z.062,0x8a030b,SJY182,0,0,P,8975,3327,265,4
2021-01-09 07:39:00Z.162,0x8a030b,SJY182,0,0,P,8950,3327,264,3
2021-01-09 07:39:01Z.052,0x8a030b,SJY182,0,0,P,9025,3327,266,6
2021-01-09 07:39:01Z.260,0x8a030b,SJY182,0,0,P,9050,3327,267,7
2021-01-09 07:39:01Z.758,0x8a030b,SJY182,0,0,P,9050,3327,267,7
2021-01-09 07:39:01Z.768,0x8a030b,SJY182,0,0,P,9050,3327,267,7
2021-01-09 07:39:01Z.894,0x8a030b,SJY182,-6.04821,106.52306,P,9075,3327,266,6
2021-01-09 07:39:01Z.966,0x8a030b,SJY182,0,0,P,9025,3327,266,6
2021-01-09 07:39:02Z.492,0x8a030b,SJY182,0,0,P,9100,3327,267,7
2021-01-09 07:39:02Z.684,0x8a030b,SJY182,0,0,P,9075,3327,267,7
2021-01-09 07:39:03Z.644,0x8a030b,SJY182,0,0,P,9125,3327,268,8
2021-01-09 07:39:03Z.670,0x8a030b,SJY182,0,0,P,9125,3327,268,8
2021-01-09 07:39:03Z.916,0x8a030b,SJY182,-6.04564,106.52348,P,9150,3327,268,9
2021-01-09 07:39:03Z.922,0x8a030b,SJY182,0,0,P,9150,3327,268,9
2021-01-09 07:39:04Z.138,0x8a030b,SJY182,0,0,P,9125,3327,268,8
2021-01-09 07:39:04Z.160,0x8a030b,SJY182,0,0,P,9175,3327,268,9
2021-01-09 07:39:04Z.296,0x8a030b,SJY182,0,0,P,9175,3327,268,9
2021-01-09 07:39:04Z.308,0x8a030b,SJY182,-6.04513,106.52358,P,9175,3327,268,9
2021-01-09 07:39:04Z.330,0x8a030b,SJY182,-6.04513,106.52358,P,9175,3327,268,9
2021-01-09 07:39:05Z.140,0x8a030b,SJY182,0,0,P,9200,3327,269,10
2021-01-09 07:39:06Z.142,0x8a030b,SJY182,0,0,P,9250,3327,270,11
2021-01-09 07:39:06Z.772,0x8a030b,SJY182,-6.04327,106.52391,P,9225,3327,269,10
2021-01-09 07:39:07Z.292,0x8a030b,SJY182,0,0,P,9300,3327,271,12
2021-01-09 07:39:07Z.440,0x8a030b,SJY182,-6.0412,106.52441,P,9300,3327,271,12
2021-01-09 07:39:07Z.448,0x8a030b,SJY182,-6.0412,106.52441,P,9300,3327,271,12
2021-01-09 07:39:07Z.472,0x8a030b,SJY182,0,0,P,9300,3327,271,12
2021-01-09 07:39:07Z.672,0x8a030b,SJY182,0,0,P,9300,3327,271,12
2021-01-09 07:39:08Z.166,0x8a030b,SJY182,0,0,P,9300,3327,271,12
2021-01-09 07:39:08Z.304,0x8a030b,SJY182,0,0,P,9350,3327,271,13
2021-01-09 07:39:08Z.652,0x8a030b,SJY182,0,0,P,9325,3327,271,13
2021-01-09 07:39:08Z.928,0x8a030b,SJY182,-6.0395,106.52486,P,9375,3327,271,14
2021-01-09 07:39:08Z.982,0x8a030b,SJY182,0,0,P,9325,3327,271,13
2021-01-09 07:39:09Z.106,0x8a030b,SJY182,-6.03997,106.52472,P,9350,3327,271,13
2021-01-09 07:39:09Z.150,0x8a030b,SJY182,0,0,P,9375,3327,271,14
2021-01-09 07:39:09Z.920,0x8a030b,SJY182,-6.03838,106.52514,P,9400,3327,270,11
2021-01-09 07:39:09Z.958,0x8a030b,SJY182,0,0,P,9425,3327,271,15
2021-01-09 07:39:10Z.290,0x8a030b,SJY182,-6.03778,106.52533,P,9425,3327,271,15
2021-01-09 07:39:10Z.306,0x8a030b,SJY182,-6.03778,106.52533,P,9425,3327,271,15
2021-01-09 07:39:10Z.668,0x8a030b,SJY182,0,0,P,9425,3327,271,15
2021-01-09 07:39:11Z.230,0x8a030b,SJY182,-6.03731,106.52547,P,9450,3327,272,16
2021-01-09 07:39:12Z.170,0x8a030b,SJY182,-6.03671,106.52567,P,9475,3327,272,16
2021-01-09 07:39:12Z.694,0x8a030b,SJY182,0,0,P,9500,3327,272,17
2021-01-09 07:39:13Z.070,0x8a030b,SJY182,-6.03429,106.52647,P,9550,3327,273,18
2021-01-09 07:39:13Z.260,0x8a030b,SJY182,0,0,P,9550,3327,273,19
2021-01-09 07:39:13Z.262,0x8a030b,SJY182,0,0,P,9550,3327,273,19
2021-01-09 07:39:13Z.362,0x8a030b,SJY182,0,0,P,9525,3327,273,18
2021-01-09 07:39:13Z.674,0x8a030b,SJY182,-6.03369,106.5267,P,9575,3327,273,19
2021-01-09 07:39:13Z.794,0x8a030b,SJY182,0,0,P,9550,3327,273,19
2021-01-09 07:39:14Z.258,0x8a030b,SJY182,-6.03369,106.5267,P,9575,3327,273,19
2021-01-09 07:39:14Z.278,0x8a030b,SJY182,0,0,P,9575,3327,273,19
2021-01-09 07:39:14Z.468,0x8a030b,SJY182,0,0,P,9550,3327,273,19
2021-01-09 07:39:14Z.692,0x8a030b,SJY182,-6.03369,106.5267,P,9575,3327,273,19
2021-01-09 07:39:14Z.798,0x8a030b,SJY182,0,0,P,9600,3327,274,20
2021-01-09 07:39:16Z.160,0x8a030b,SJY182,0,0,P,9625,3327,274,20
2021-01-09 07:39:16Z.414,0x8a030b,SJY182,-6.03033,106.52803,P,9675,3327,275,21
2021-01-09 07:39:16Z.430,0x8a030b,SJY182,-6.03033,106.52803,P,9675,3327,275,21
2021-01-09 07:39:16Z.586,0x8a030b,SJY182,0,0,P,9650,3327,275,21
2021-01-09 07:39:16Z.758,0x8a030b,SJY182,0,0,P,9675,3327,275,21
2021-01-09 07:39:17Z.260,0x8a030b,SJY182,0,0,P,9675,3327,275,21
2021-01-09 07:39:17Z.280,0x8a030b,SJY182,0,0,P,9700,3327,276,22
2021-01-09 07:39:17Z.784,0x8a030b,SJY182,0,0,P,9700,3327,276,22
2021-01-09 07:39:18Z.142,0x8a030b,SJY182,0,0,P,9725,3327,276,23
2021-01-09 07:39:18Z.924,0x8a030b,SJY182,-6.02754,106.52931,P,9750,3327,278,24
2021-01-09 07:39:18Z.962,0x8a030b,SJY182,0,0,P,9725,3327,276,23
2021-01-09 07:39:19Z.070,0x8a030b,SJY182,0,0,P,9775,3327,278,24
2021-01-09 07:39:19Z.472,0x8a030b,SJY182,-6.02682,106.52968,P,9775,3327,278,24
2021-01-09 07:39:19Z.474,0x8a030b,SJY182,-6.02754,106.52931,P,9750,3327,278,24
2021-01-09 07:39:19Z.660,0x8a030b,SJY182,0,0,P,9775,3327,279,25
2021-01-09 07:39:19Z.772,0x8a030b,SJY182,0,0,P,9775,3327,278,24
2021-01-09 07:39:19Z.866,0x8a030b,SJY182,-6.02754,106.52931,P,9750,3327,278,24
2021-01-09 07:39:20Z.020,0x8a030b,SJY182,-6.02682,106.52968,P,9775,3327,278,24
2021-01-09 07:39:20Z.238,0x8a030b,SJY182,0,0,P,9800,3327,279,25
2021-01-09 07:39:20Z.440,0x8a030b,SJY182,-6.02637,106.52991,P,9800,3327,279,25
2021-01-09 07:39:21Z.264,0x8a030b,SJY182,0,0,P,9825,3327,279,27
2021-01-09 07:39:22Z.280,0x8a030b,SJY182,-6.02363,106.53139,P,9875,3327,280,28
2021-01-09 07:39:22Z.556,0x8a030b,SJY182,0,0,P,9875,3327,280,28
2021-01-09 07:39:22Z.690,0x8a030b,SJY182,-6.02316,106.53163,P,9875,3327,281,29
2021-01-09 07:39:22Z.782,0x8a030b,SJY182,-6.02363,106.53139,P,9875,3327,280,28
2021-01-09 07:39:22Z.962,0x8a030b,SJY182,0,0,P,9875,3327,279,27
2021-01-09 07:39:23Z.206,0x8a030b,SJY182,-6.02316,106.53163,P,9875,3327,281,29
2021-01-09 07:39:23Z.268,0x8a030b,SJY182,0,0,P,9900,3327,282,30
2021-01-09 07:39:23Z.758,0x8a030b,SJY182,-6.02316,106.53163,P,9875,3327,281,29
2021-01-09 07:39:24Z.184,0x8a030b,SJY182,-6.02149,106.53262,P,9925,3327,282,30
2021-01-09 07:39:24Z.396,0x8a030b,SJY182,0,0,P,9925,3327,281,31
2021-01-09 07:39:24Z.782,0x8a030b,SJY182,0,0,P,9925,3327,281,31
2021-01-09 07:39:25Z.082,0x8a030b,SJY182,0,0,P,9925,3327,282,30
2021-01-09 07:39:25Z.252,0x8a030b,SJY182,0,0,P,9950,3327,281,31
2021-01-09 07:39:25Z.666,0x8a030b,SJY182,0,0,P,9975,3327,281,31
2021-01-09 07:39:25Z.956,0x8a030b,SJY182,-6.02,106.53354,P,9975,3327,281,31
2021-01-09 07:39:25Z.978,0x8a030b,SJY182,-6.02,106.53354,P,9975,3327,281,31
2021-01-09 07:39:26Z.246,0x8a030b,SJY182,0,0,P,9975,3327,281,31
2021-01-09 07:39:26Z.558,0x8a030b,SJY182,-6.01936,106.53396,P,10000,3327,282,32
2021-01-09 07:39:26Z.748,0x8a030b,SJY182,0,0,P,10000,3327,282,32
2021-01-09 07:39:27Z.260,0x8a030b,SJY182,0,0,P,10025,3327,282,33
2021-01-09 07:39:27Z.634,0x8a030b,SJY182,0,0,P,10000,3327,281,31
2021-01-09 07:39:28Z.156,0x8a030b,SJY182,0,0,P,10075,3327,283,34
2021-01-09 07:39:28Z.226,0x8a030b,SJY182,0,0,P,10075,3327,283,34
2021-01-09 07:39:28Z.320,0x8a030b,SJY182,0,0,P,10075,3327,283,34
2021-01-09 07:39:28Z.610,0x8a030b,SJY182,-6.01666,106.53582,P,10075,3327,283,34
2021-01-09 07:39:29Z.058,0x8a030b,SJY182,0,0,P,10100,3327,283,35
2021-01-09 07:39:29Z.124,0x8a030b,SJY182,-6.01666,106.53582,P,10075,3327,283,34
2021-01-09 07:39:29Z.230,0x8a030b,SJY182,-6.01602,106.53629,P,10100,3327,283,35
2021-01-09 07:39:29Z.238,0x8a030b,SJY182,0,0,P,10100,3327,284,36
2021-01-09 07:39:30Z.256,0x8a030b,SJY182,-6.01487,106.53717,P,10125,3327,284,36
2021-01-09 07:39:30Z.268,0x8a030b,SJY182,0,0,P,10100,3327,284,36
2021-01-09 07:39:30Z.846,0x8a030b,SJY182,-6.01547,106.53671,P,10100,3327,284,36
2021-01-09 07:39:31Z.228,0x8a030b,SJY182,0,0,P,10175,3327,284,38
2021-01-09 07:39:31Z.536,0x8a030b,,0,0,N,10150,0,284,36
2021-01-09 07:39:31Z.682,0x8a030b,SJY182,0,0,P,10150,3327,284,37
2021-01-09 07:39:31Z.748,0x8a030b,SJY182,0,0,P,10175,3327,284,38
2021-01-09 07:39:31Z.748,0x8a030b,SJY182,-6.01329,106.5384,P,10175,3327,284,38
2021-01-09 07:39:32Z.120,0x8a030b,SJY182,0,0,P,10175,3327,284,38
2021-01-09 07:39:33Z.042,0x8a030b,SJY182,0,0,P,10200,3327,284,38
2021-01-09 07:39:33Z.360,0x8a030b,SJY182,-6.01268,106.53889,P,10200,3327,284,38
2021-01-09 07:39:33Z.860,0x8a030b,SJY182,0,0,P,10225,3327,284,36
2021-01-09 07:39:34Z.060,0x8a030b,SJY182,0,0,P,10225,3327,284,40
2021-01-09 07:39:34Z.196,0x8a030b,SJY182,-6.01087,106.54044,P,10250,3327,284,40
2021-01-09 07:39:34Z.226,0x8a030b,SJY182,-6.01176,106.53968,P,10225,3327,284,39
2021-01-09 07:39:34Z.386,0x8a030b,SJY182,0,0,P,10250,3327,284,36
2021-01-09 07:39:34Z.660,0x8a030b,SJY182,0,0,P,10275,3327,284,41
2021-01-09 07:39:34Z.678,0x8a030b,SJY182,0,0,P,10275,3327,284,41
2021-01-09 07:39:34Z.690,0x8a030b,SJY182,-6.01048,106.5408,P,10275,3327,284,41
2021-01-09 07:39:34Z.738,0x8a030b,SJY182,0,0,P,10250,3327,284,41
2021-01-09 07:39:35Z.140,0x8a030b,SJY182,0,0,P,10250,3327,284,41
2021-01-09 07:39:35Z.282,0x8a030b,SJY182,0,0,P,10300,3327,284,42
2021-01-09 07:39:35Z.692,0x8a030b,SJY182,-6.00952,106.54167,P,10300,3327,284,42
2021-01-09 07:39:35Z.762,0x8a030b,SJY182,0,0,P,10300,3327,284,42
2021-01-09 07:39:36Z.056,0x8a030b,SJY182,0,0,P,10275,3327,284,41
2021-01-09 07:39:36Z.912,0x8a030b,SJY182,-6.00874,106.54243,P,10325,3327,284,42
2021-01-09 07:39:37Z.146,0x8a030b,SJY182,0,0,P,10350,3327,284,43
2021-01-09 07:39:37Z.944,0x8a030b,SJY182,-6.00769,106.54341,P,10375,3327,284,43
2021-01-09 07:39:38Z.344,0x8a030b,SJY182,-6.00732,106.54378,P,10375,3327,284,44
2021-01-09 07:39:38Z.360,0x8a030b,SJY182,-6.00732,106.54378,P,10375,3327,284,44
2021-01-09 07:39:38Z.424,0x8a030b,SJY182,-6.00687,106.5443,P,10400,3327,284,44
2021-01-09 07:39:38Z.646,0x8a030b,SJY182,0,0,P,10400,3327,284,44
2021-01-09 07:39:39Z.520,0x8a030b,SJY182,-6.0064,106.54475,P,10425,3327,284,45
2021-01-09 07:39:39Z.618,0x8a030b,SJY182,0,0,P,10450,3327,285,45
2021-01-09 07:39:39Z.928,0x8a030b,SJY182,-6.0064,106.54475,P,10425,3327,284,45
2021-01-09 07:39:40Z.120,0x8a030b,SJY182,0,0,P,10450,3327,285,45
2021-01-09 07:39:40Z.512,0x8a030b,SJY182,0,0,P,10475,3327,284,46
2021-01-09 07:39:40Z.618,0x8a030b,SJY182,0,0,P,10450,3327,285,45
2021-01-09 07:39:41Z.004,0x8a030b,SJY182,-6.00449,106.54676,P,10475,3327,284,46
2021-01-09 07:39:41Z.022,0x8a030b,SJY182,0,0,P,10475,3327,284,46
2021-01-09 07:39:41Z.148,0x8a030b,SJY182,0,0,P,10500,3327,284,46
2021-01-09 07:39:41Z.564,0x8a030b,SJY182,0,0,P,10475,3327,284,46
2021-01-09 07:39:41Z.884,0x8a030b,SJY182,0,0,P,10500,3327,284,46
2021-01-09 07:39:42Z.386,0x8a030b,SJY182,-6.00412,106.54716,P,10500,3327,284,46
2021-01-09 07:39:42Z.680,0x8a030b,SJY182,-6.00296,106.54839,P,10525,3327,284,47
2021-01-09 07:39:43Z.256,0x8a030b,SJY182,0,0,P,10550,3327,285,47
2021-01-09 07:39:43Z.680,0x8a030b,SJY182,-6.00206,106.54937,P,10550,3327,285,47
2021-01-09 07:39:43Z.684,0x8a030b,SJY182,-6.00206,106.54937,P,10550,3327,285,47
2021-01-09 07:39:44Z.152,0x8a030b,SJY182,0,0,P,10575,3327,285,47
2021-01-09 07:39:44Z.174,0x8a030b,SJY182,-6.00206,106.54937,P,10550,3327,285,47
2021-01-09 07:39:44Z.248,0x8a030b,SJY182,-6.0016,106.54988,P,10575,3327,285,47
2021-01-09 07:39:44Z.254,0x8a030b,SJY182,0,0,P,10575,3327,285,47
2021-01-09 07:39:44Z.998,0x8a030b,SJY182,0,0,P,10575,3327,284,47
2021-01-09 07:39:45Z.348,0x8a030b,SJY182,-6.0011,106.55048,P,10600,3327,284,47
2021-01-09 07:39:46Z.424,0x8a030b,SJY182,0,0,P,10625,3327,285,47
2021-01-09 07:39:46Z.846,0x8a030b,SJY182,0,0,P,10625,3327,285,47
2021-01-09 07:39:46Z.864,0x8a030b,SJY182,-6.00009,106.55155,P,10625,3327,285,47
2021-01-09 07:39:46Z.896,0x8a030b,SJY182,-5.99919,106.55251,P,10625,3327,285,47
2021-01-09 07:39:46Z.906,0x8a030b,SJY182,-5.99919,106.55251,P,10625,3327,285,47
2021-01-09 07:39:46Z.960,0x8a030b,SJY182,0,0,P,10625,3327,285,47
2021-01-09 07:39:47Z.038,0x8a030b,SJY182,-5.99919,106.55251,P,10625,3327,285,47
2021-01-09 07:39:47Z.342,0x8a030b,SJY182,-5.99886,106.5529,P,10650,3327,285,47
2021-01-09 07:39:47Z.654,0x8a030b,SJY182,0,0,P,10650,3327,285,47
2021-01-09 07:39:49Z.038,0x8a030b,SJY182,0,0,P,10675,3327,286,47
2021-01-09 07:39:49Z.326,0x8a030b,SJY182,0,0,P,10675,3327,286,47
2021-01-09 07:39:49Z.386,0x8a030b,SJY182,0,0,P,10675,3327,286,47
2021-01-09 07:39:49Z.554,0x8a030b,SJY182,-5.9973,106.55458,P,10675,3327,286,47
2021-01-09 07:39:50Z.042,0x8a030b,SJY182,0,0,P,10700,3327,286,46
2021-01-09 07:39:50Z.142,0x8a030b,SJY182,0,0,P,10700,3327,286,46
2021-01-09 07:39:50Z.294,0x8a030b,SJY182,0,0,P,10700,3327,286,46
2021-01-09 07:39:50Z.468,0x8a030b,SJY182,-5.99639,106.55554,P,10700,3327,286,46
2021-01-09 07:39:50Z.480,0x8a030b,SJY182,-5.99639,106.55554,P,10700,3327,286,46
2021-01-09 07:39:51Z.030,0x8a030b,SJY182,-5.99583,106.55611,P,10700,3327,286,46
2021-01-09 07:39:51Z.662,0x8a030b,SJY182,0,0,P,10725,3327,287,46
2021-01-09 07:39:51Z.986,0x8a030b,SJY182,0,0,P,10250,3327,284,36
2021-01-09 07:39:52Z.112,0x8a030b,SJY182,0,0,P,10725,3327,287,46
2021-01-09 07:39:52Z.114,0x8a030b,SJY182,0,0,P,10725,3327,287,46
2021-01-09 07:39:52Z.272,0x8a030b,SJY182,0,0,P,10725,3327,287,46
2021-01-09 07:39:52Z.598,0x8a030b,SJY182,0,0,P,10750,3327,287,46
2021-01-09 07:39:53Z.164,0x8a030b,SJY182,0,0,P,10750,3327,287,45
2021-01-09 07:39:53Z.622,0x8a030b,SJY182,-5.99396,106.55803,P,10750,3327,287,46
2021-01-09 07:39:54Z.072,0x8a030b,SJY182,0,0,P,10750,3327,287,45
2021-01-09 07:39:54Z.242,0x8a030b,SJY182,-5.99248,106.55952,P,10775,3327,287,44
2021-01-09 07:39:54Z.262,0x8a030b,SJY182,0,0,P,10750,3327,287,44
2021-01-09 07:39:54Z.654,0x8a030b,SJY182,0,0,P,10775,3327,287,43
2021-01-09 07:39:55Z.182,0x8a030b,SJY182,-5.99197,106.55995,P,10775,3327,287,43
2021-01-09 07:39:55Z.322,0x8a030b,SJY182,-5.99135,106.56049,P,10800,3327,287,43
2021-01-09 07:39:55Z.678,0x8a030b,SJY182,-5.99135,106.56049,P,10800,3327,287,43
2021-01-09 07:39:56Z.090,0x8a030b,SJY182,0,0,P,10800,3327,287,42
2021-01-09 07:39:56Z.134,0x8a030b,SJY182,0,0,P,10800,3327,287,42
2021-01-09 07:39:56Z.346,0x8a030b,SJY182,-5.9908,106.56105,P,10800,3327,287,42
2021-01-09 07:39:56Z.472,0x8a030b,SJY182,0,0,P,10825,3327,287,41
2021-01-09 07:39:57Z.742,0x8a030b,SJY182,0,0,P,10825,3327,286,39
2021-01-09 07:39:57Z.870,0x8a030b,SJY182,-5.98874,106.56273,P,10825,3327,286,39
2021-01-09 07:39:58Z.250,0x8a030b,SJY182,0,0,P,10825,3327,287,41
2021-01-09 07:39:58Z.480,0x8a030b,SJY182,-5.98811,106.56322,P,10850,3327,286,39
2021-01-09 07:39:58Z.872,0x8a030b,SJY182,-5.98811,106.56322,P,10850,3327,286,39
2021-01-09 07:39:58Z.952,0x8a030b,SJY182,0,0,P,10850,3327,287,37
2021-01-09 07:39:58Z.984,0x8a030b,SJY182,-5.98769,106.56355,P,10850,3327,286,39
2021-01-09 07:39:59Z.264,0x8a030b,SJY182,0,0,P,10850,3327,287,37
2021-01-09 07:39:59Z.482,0x8a030b,SJY182,0,0,P,10850,3327,287,37
2021-01-09 07:39:59Z.568,0x8a030b,SJY182,0,0,P,10850,3327,287,35
2021-01-09 07:40:00Z.326,0x8a030b,SJY182,0,0,N,10825,3327,287,35
2021-01-09 07:40:00Z.520,0x8a030b,SJY182,-5.98659,106.56431,P,10875,3327,287,37
2021-01-09 07:40:00Z.750,0x8a030b,SJY182,-5.98553,106.56496,P,10875,3327,287,35
2021-01-09 07:40:01Z.784,0x8a030b,SJY182,-5.98553,106.56496,P,10875,3327,287,33
2021-01-09 07:40:02Z.264,0x8a030b,SJY182,0,0,P,10900,3327,287,30
2021-01-09 07:40:02Z.278,0x8a030b,SJY182,-5.98438,106.56558,P,10900,3327,287,33
2021-01-09 07:40:02Z.692,0x8a030b,SJY182,-5.98438,106.56558,P,10900,3327,287,30
2021-01-09 07:40:02Z.716,0x8a030b,SJY182,-5.98389,106.56585,P,10900,3327,287,30
2021-01-09 07:40:02Z.782,0x8a030b,SJY182,-5.98438,106.56558,P,10900,3327,287,30
2021-01-09 07:40:02Z.824,0x8a030b,SJY182,-5.98331,106.56615,P,10900,3327,287,30
2021-01-09 07:40:03Z.222,0x8a030b,SJY182,-5.98331,106.56615,P,10900,3327,287,27
2021-01-09 07:40:04Z.372,0x8a030b,SJY182,-5.98196,106.56672,P,10900,3327,287,27
2021-01-09 07:40:04Z.446,0x8a030b,SJY182,0,0,P,10900,3327,287,27
2021-01-09 07:40:04Z.528,0x8a030b,SJY182,-5.98096,106.56705,P,10900,3327,287,19
2021-01-09 07:40:04Z.592,0x8a030b,SJY182,0,0,P,10900,3327,287,23
2021-01-09 07:40:05Z.086,0x8a030b,SJY182,0,0,P,10900,3327,287,23
2021-01-09 07:40:05Z.124,0x8a030b,SJY182,-5.98096,106.56705,P,10900,3327,287,23
2021-01-09 07:40:05Z.152,0x8a030b,SJY182,0,0,P,10900,3327,287,19
2021-01-09 07:40:05Z.652,0x8a030b,SJY182,-5.97954,106.56743,P,10900,3327,287,23
2021-01-09 07:40:05Z.692,0x8a030b,SJY182,0,0,P,10900,3327,287,15
2021-01-09 07:40:06Z.224,0x8a030b,SJY182,-5.97954,106.56743,P,10900,3327,287,15
2021-01-09 07:40:06Z.282,0x8a030b,SJY182,0,0,P,10900,3327,287,23
2021-01-09 07:40:07Z.664,0x8a030b,SJY182,0,0,P,10825,3327,287,11
2021-01-09 07:40:08Z.084,0x8a030b,SJY182,-5.97688,106.5678,P,10775,3327,287,11
2021-01-09 07:40:08Z.264,0x8a030b,SJY182,-5.97605,106.56781,P,10725,3327,287,6
2021-01-09 07:40:08Z.268,0x8a030b,SJY182,0,0,P,10750,3327,287,6
2021-01-09 07:40:08Z.450,0x8a030b,SJY182,0,0,P,10725,3327,287,6
2021-01-09 07:40:08Z.598,0x8a030b,SJY182,0,0,P,10750,3327,287,6
2021-01-09 07:40:09Z.754,0x8a030b,SJY182,-5.97542,106.56785,P,10650,3327,287,6
2021-01-09 07:40:09Z.844,0x8a030b,SJY182,-5.97542,106.56785,P,10650,3327,287,15
2021-01-09 07:40:09Z.986,0x8a030b,SJY182,0,0,P,10450,3327,282,357
2021-01-09 07:40:10Z.342,0x8a030b,SJY182,0,0,P,10500,3327,282,357
2021-01-09 07:40:11Z.174,0x8a030b,SJY182,0,0,P,10175,3327,276,353
2021-01-09 07:40:11Z.230,0x8a030b,SJY182,0,0,P,10150,3327,276,353
2021-01-09 07:40:11Z.450,0x8a030b,SJY182,0,0,P,10375,3327,276,353
2021-01-09 07:40:11Z.696,0x8a030b,SJY182,0,0,P,10175,3327,276,353
2021-01-09 07:40:11Z.738,0x8a030b,SJY182,0,0,N,10175,3327,287,35
2021-01-09 07:40:11Z.792,0x8a030b,SJY182,0,0,P,10150,3327,276,353
2021-01-09 07:40:12Z.214,0x8a030b,SJY182,0,0,P,10150,3327,276,353
2021-01-09 07:40:14Z.022,0x8a030b,SJY182,0,0,P,9400,3327,244,343
2021-01-09 07:40:14Z.134,0x8a030b,SJY182,0,0,P,9150,3327,244,343
2021-01-09 07:40:14Z.202,0x8a030b,SJY182,-5.97009,106.56686,P,9525,3327,256,345
2021-01-09 07:40:14Z.262,0x8a030b,SJY182,-5.96906,106.56654,P,9125,3327,244,343
2021-01-09 07:40:14Z.466,0x8a030b,SJY182,0,0,P,9150,3327,244,343
2021-01-09 07:40:14Z.586,0x8a030b,SJY182,-5.96869,106.56641,P,8950,3327,224,339
2021-01-09 07:40:14Z.666,0x8a030b,SJY182,0,0,P,9125,3327,244,343
2021-01-09 07:40:14Z.676,0x8a030b,SJY182,0,0,P,9125,3327,244,343
2021-01-09 07:40:15Z.068,0x8a030b,SJY182,0,0,P,8950,3327,224,339
2021-01-09 07:40:15Z.828,0x8a030b,SJY182,0,0,P,8625,3327,192,338
2021-01-09 07:40:16Z.286,0x8a030b,SJY182,0,0,P,8050,3327,164,341
2021-01-09 07:40:16Z.726,0x8a030b,SJY182,-5.9673,106.56601,P,8125,3327,192,338
2021-01-09 07:40:16Z.952,0x8a030b,SJY182,0,0,P,7650,3327,164,341
2021-01-09 07:40:17Z.146,0x8a030b,SJY182,0,0,P,7625,3327,164,341
2021-01-09 07:40:17Z.202,0x8a030b,SJY182,-5.9666,106.56577,P,7650,3327,164,341
2021-01-09 07:40:17Z.278,0x8a030b,SJY182,0,0,P,7525,3327,164,341
2021-01-09 07:40:17Z.652,0x8a030b,SJY182,0,0,P,7625,3327,164,341
2021-01-09 07:40:17Z.764,0x8a030b,SJY182,0,0,P,7525,3327,149,346
2021-01-09 07:40:18Z.172,0x8a030b,SJY182,0,0,P,7650,3327,149,346
2021-01-09 07:40:19Z.006,0x8a030b,SJY182,0,0,P,6450,3327,126,359
2021-01-09 07:40:19Z.174,0x8a030b,SJY182,0,0,P,6325,3327,126,359
2021-01-09 07:40:19Z.786,0x8a030b,SJY182,0,0,P,6400,3327,126,359
2021-01-09 07:40:20Z.034,0x8a030b,SJY182,0,0,P,5650,3327,115,11
2021-01-09 07:40:20Z.036,0x8a030b,SJY182,0,0,P,5650,3327,115,11
2021-01-09 07:40:20Z.428,0x8a030b,SJY182,0,0,P,5650,3327,115,11
2021-01-09 07:40:20Z.610,0x8a030b,SJY182,0,0,P,6075,3327,126,359
2021-01-09 07:40:20Z.992,0x8a030b,SJY182,-5.96452,106.56599,P,5400,3327,115,11
2021-01-09 07:40:21Z.082,0x8a030b,SJY182,0,0,P,4875,3327,116,29
2021-01-09 07:40:22Z.772,0x8a030b,SJY182,0,0,P,4000,3327,115,11
2021-01-09 07:40:23Z.790,0x8a030b,SJY182,0,0,P,3275,3327,173,64
2021-01-09 07:40:23Z.794,0x8a030b,SJY182,0,0,P,3275,3327,133,47
2021-01-09 07:40:23Z.920,0x8a030b,SJY182,0,0,P,3525,3327,173,64
2021-01-09 07:40:24Z.390,0x8a030b,SJY182,-5.96367,106.56857,P,2850,3327,173,64
2021-01-09 07:40:24Z.686,0x8a030b,SJY182,0,0,P,2325,3327,173,64
2021-01-09 07:40:26Z.054,0x8a030b,SJY182,0,0,P,1400,3327,307,87
2021-01-09 07:40:26Z.182,0x8a030b,SJY182,0,0,P,1200,3327,307,87
2021-01-09 07:40:26Z.218,0x8a030b,SJY182,0,0,P,1325,3327,307,87
2021-01-09 07:40:26Z.230,0x8a030b,SJY182,0,0,P,1850,3327,252,79
2021-01-09 07:40:26Z.390,0x8a030b,SJY182,0,0,P,1175,3327,307,87
2021-01-09 07:40:26Z.512,0x8a030b,SJY182,0,0,P,1850,3327,252,79
2021-01-09 07:40:26Z.760,0x8a030b,SJY182,0,0,P,1175,3327,307,87
2021-01-09 07:40:26Z.870,0x8a030b,SJY182,0,0,P,750,3327,358,93
2021-01-09 07:40:26Z.898,0x8a030b,SJY182,0,0,P,750,3327,307,87
2021-01-09 07:40:27Z.752,0x8a030b,SJY182,-5.96395,106.57453,P,250,3327,358,93